"number","map_index","status","reason","category","kor_name","english_name","region","latitude","longitude"
"1","5","추가 검토 필요","세트 항목: 여러 방어구 중 대표 이미지 선택 필요","armor","무희 세트","Dancer's Set","dlc","-175.59375","109.85558068978835"
"2","7","추가 검토 필요","세트 항목: 여러 방어구 중 대표 이미지 선택 필요","armor","죽음 기사 세트 - 어둠빛 지하 묘지","Death Knight Set - Darklight Catacombs","dlc","-140.5703125","139.60533166354415"
"3","14","추가 검토 필요","세트 항목: 여러 방어구 중 대표 이미지 선택 필요","armor","프레이야 세트 - 에니르 일림","Freyja's Set - Enir-Ilim","dlc","-140.77226567268372","96.14474063474096"
"4","23","추가 검토 필요","세트 항목: 여러 방어구 중 대표 이미지 선택 필요","armor","대사제 세트","High Priest Set","dlc","-131.8359375","137.54269886104004"
"5","25","추가 검토 필요","세트 항목: 여러 방어구 중 대표 이미지 선택 필요","armor","뿔인간 세트","Hornsent Set","dlc","-125.53789067268372","97.51189991469694"
"6","26","추가 검토 필요","세트 항목: 여러 방어구 중 대표 이미지 선택 필요","armor","에이곤 세트","Igon's Set","dlc","-163.78125","146.12876224911588"
"7","28","추가 검토 필요","세트 항목: 여러 방어구 중 대표 이미지 선택 필요","armor","철 못 세트","Iron Rivet Set","dlc","-132.19010412693024","113.29296875"
"8","36","추가 검토 필요","세트 항목: 여러 방어구 중 대표 이미지 선택 필요","armor","밤 세트 - 보니의 감옥","Night Set - Bonny Gaol","dlc","-143.89322912693024","132.17578125"
"9","37","추가 검토 필요","세트 항목: 여러 방어구 중 대표 이미지 선택 필요","armor","서약기사 세트","Oathseeker Knight Set","dlc","-162.7109375","110.95727829121734"
"10","39","추가 검토 필요","세트 항목: 여러 방어구 중 대표 이미지 선택 필요","armor","나찰 세트","Rakshasa Set","dlc","-136.05729150772095","140.55078125"
"11","41","추가 검토 필요","세트 항목: 여러 방어구 중 대표 이미지 선택 필요","armor","고립 감옥 세트","Solitude Set","dlc","-154.6640625","107.09758616619452"
"12","43","추가 검토 필요","세트 항목: 여러 방어구 중 대표 이미지 선택 필요","armor","티에리에 세트 - 에니르 일림","Thiollier's Set - Enir-Ilim","dlc","-136.953125","95.58945391039116"
"13","44","추가 검토 필요","세트 항목: 여러 방어구 중 대표 이미지 선택 필요","armor","녹청 세트 - 에니르 일림","Verdigris Set - Enir-Ilim","dlc","-141.30351567268372","96.2540313720743"
"14","47","형식 정리로 매칭 가능","형식 정리로 매칭 가능(수량/위치/접두사/기호/공백)","ash_of_war","전회: 독꽃은 두 번 찌른다","Ash of War The Poison Flower Blooms Twice","dlc","-121.91666662693024","105.04296875"
"15","48","형식 정리로 매칭 가능","형식 정리로 매칭 가능(수량/위치/접두사/기호/공백)","ash_of_war","전회: 도가니의 모습/날개","Ash of War: Aspects of the Crucible: Wings","dlc","-145.8046875","129.4724948878176"
"16","49","형식 정리로 매칭 가능","형식 정리로 매칭 가능(수량/위치/접두사/기호/공백)","ash_of_war","전회: 순뢰 - 안개 계곡 지하 묘지","Ash of War: Blinkbolt - Fog Rift Catacombs","dlc","-125.71875","109.90221108853326"
"17","50","형식 정리로 매칭 가능","형식 정리로 매칭 가능(수량/위치/접두사/기호/공백)","ash_of_war","전회: 로얄 카리아","Ash of War: Carian Sovereignty","dlc","-132.51822912693024","135.69921875"
"18","51","형식 정리로 매칭 가능","형식 정리로 매칭 가능(수량/위치/접두사/기호/공백)","ash_of_war","전회: 낙엽 선풍각","Ash of War: Dryleaf Whirlwind","dlc","-120.6640625","109.6590752661762"
"19","52","형식 정리로 매칭 가능","형식 정리로 매칭 가능(수량/위치/접두사/기호/공백)","ash_of_war","전회: 불의 관통","Ash of War: Flame Skewer","dlc","-126.8359375","116.27750225621459"
"20","53","형식 정리로 매칭 가능","형식 정리로 매칭 가능(수량/위치/접두사/기호/공백)","ash_of_war","전회: 불의 창","Ash of War: Flame Spear","dlc","-115.75","127.51133747829465"
"21","54","형식 정리로 매칭 가능","형식 정리로 매칭 가능(수량/위치/접두사/기호/공백)","ash_of_war","전회: 영혼 불꽃 부르기","Ash of War: Ghostflame Call","dlc","-165.982268340086","117.76182332591868"
"22","55","형식 정리로 매칭 가능","형식 정리로 매칭 가능(수량/위치/접두사/기호/공백)","ash_of_war","전회: 발경","Ash of War: Palm Blast","dlc","-134.6640625","127.94143060331274"
"23","56","형식 정리로 매칭 가능","형식 정리로 매칭 가능(수량/위치/접두사/기호/공백)","ash_of_war","전회: 관통 투척 - 옛 유성의 무너진 단조장","Ash of War: Piercing Throw - Ruined Forge of Starfall Past","dlc","-140.45572912693024","125.29296875"
"24","57","형식 정리로 매칭 가능","형식 정리로 매칭 가능(수량/위치/접두사/기호/공백)","ash_of_war","전회: 짐승의 급습","Ash of War: Raging Beast","dlc","-133.8046875","142.89478845516257"
"25","58","형식 정리로 매칭 가능","형식 정리로 매칭 가능(수량/위치/접두사/기호/공백)","ash_of_war","전회: 둘러싼 불꽃의 향기","Ash of War: Rolling Sparks","dlc","-124.9921875","125.3240031244288"
"26","59","형식 정리로 매칭 가능","형식 정리로 매칭 가능(수량/위치/접두사/기호/공백)","ash_of_war","전회: 용맹한 사자 베기","Ash of War: Savage Lion's Claw","dlc","-144.1328125","107.33208337463427"
"27","60","형식 정리로 매칭 가능","형식 정리로 매칭 가능(수량/위치/접두사/기호/공백)","ash_of_war","전회: 산탄 투척 - 테일루의 무너진 단조장","Ash of War: Scattershot Throw - Taylew's Ruined Forge","dlc","-117.82291662693024","122.19140625"
"28","61","형식 정리로 매칭 가능","형식 정리로 매칭 가능(수량/위치/접두사/기호/공백)","ash_of_war","전회: 비통한 외침 - 벨라트 탑의 도시","Ash of War: Shriek of Sorrow - Belurat Tower Settlement","dlc","-140.5859375","102.57432000851084"
"29","62","형식 정리로 매칭 가능","형식 정리로 매칭 가능(수량/위치/접두사/기호/공백)","ash_of_war","전회: 속참","Ash of War: Swift Slash","dlc","-119.8984375","127.1140575652498"
"30","63","형식 정리로 매칭 가능","형식 정리로 매칭 가능(수량/위치/접두사/기호/공백)","ash_of_war","전회: 늘어선 불꽃의 향기","Ash of War: Wall of Sparks","dlc","-116.6328125","126.96541779953391"
"31","64","형식 정리로 매칭 가능","형식 정리로 매칭 가능(수량/위치/접두사/기호/공백)","ash_of_war","전회: 편익의 자세","Ash of War: Wing Stance","dlc","-138.8828125","122.62103799373136"
"32","70","추가 검토 필요","묶음 수량 제거 후에도 동일 데이터 없음","consumable","화살 x10","Arrow x10","dlc","-160.2109375","119.49692626462256"
"33","71","추가 검토 필요","묶음 수량 제거 후에도 동일 데이터 없음","consumable","화살 x10","Arrow x10","dlc","-137.1484375","118.03539472331384"
"34","72","추가 검토 필요","묶음 수량 제거 후에도 동일 데이터 없음","consumable","화살 x10","Arrow x10","dlc","-130.078125","107.73079147436484"
"35","73","추가 검토 필요","묶음 수량 제거 후에도 동일 데이터 없음","consumable","화살 x10 - 벨라트 탑의 도시","Arrow x10 - Belurat Tower Settlement","dlc","-141.078125","101.9337708455812"
"36","74","추가 검토 필요","묶음 수량 제거 후에도 동일 데이터 없음","consumable","발리스타 볼트 x5","Ballista Bolt x5","dlc","-142.4375","113.30083871527303"
"37","75","형식 정리로 매칭 가능","형식 정리로 매칭 가능(수량/위치/접두사/기호/공백)","consumable","짐승 뿔 x2","Beast Horn x2","dlc","-122.08476567268372","109.13690150455857"
"38","76","형식 정리로 매칭 가능","형식 정리로 매칭 가능(수량/위치/접두사/기호/공백)","consumable","짐승 뿔 x2","Beast Horn x2","dlc","-124.52226567268372","101.8478310552504"
"39","82","추가 검토 필요","묶음 수량 제거 후에도 동일 데이터 없음","consumable","볼트 x10","Bolt x10","dlc","-136.0078125","117.49627367597331"
"40","83","추가 검토 필요","묶음 수량 제거 후에도 동일 데이터 없음","consumable","볼트 x10 - 보니의 감옥","Bolt x10 - Bonny Gaol","dlc","-142.328125","131.98866823364102"
"41","84","추가 검토 필요","묶음 수량 제거 후에도 동일 데이터 없음","consumable","볼트 x5","Bolt x5","dlc","-118.88541662693024","116.48046875"
"42","85","추가 검토 필요","묶음 수량 제거 후에도 동일 데이터 없음","consumable","뼈 투척 나이프 x8","Bone Dart x8","dlc","-119.3125","127.01935703596234"
"43","106","추가 검토 필요","묶음 수량 제거 후에도 동일 데이터 없음","consumable","이성의 환약 x2","Clarifying Boluses x2","dlc","-155.296875","149.4103621850305"
"44","107","추가 검토 필요","묶음 수량 제거 후에도 동일 데이터 없음","consumable","이성의 환약 x3","Clarifying Boluses x3","dlc","-153.125","134.25641496164994"
"45","108","추가 검토 필요","묶음 수량 제거 후에도 동일 데이터 없음","consumable","얼룩진 흰 육포 x2 - 전갈 강 지하 묘지","Dappled White Cured Meat x2 - Scorpion River Catacombs","dlc","-123.03789067268372","98.51973626262146"
"46","116","형식 정리로 매칭 가능","형식 정리로 매칭 가능(수량/위치/접두사/기호/공백)","consumable","용뢰기름 x2 - 안개 계곡 지하 묘지","Dragonbolt Grease x2 - Fog Rift Catacombs","dlc","-124.4375","111.50439747646682"
"47","122","형식 정리로 매칭 가능","형식 정리로 매칭 가능(수량/위치/접두사/기호/공백)","consumable","끈 달린 왕가의 마력기름 x3","Drawstring Royal Magic Grease x3","dlc","-136.46875","119.62943603203253"
"48","125","형식 정리로 매칭 가능","형식 정리로 매칭 가능(수량/위치/접두사/기호/공백)","consumable","축제기름 x2","Festive Grease x2","dlc","-145.6015625","130.8086765730671"
"49","126","형식 정리로 매칭 가능","형식 정리로 매칭 가능(수량/위치/접두사/기호/공백)","consumable","지문의 비약 x2","Fingerprint Nostrum x2","dlc","-116.40104162693024","141.07421875"
"50","127","추가 검토 필요","묶음 수량 제거 후에도 동일 데이터 없음","consumable","불화살 x10","Fire Arrow x10","dlc","-133.4609375","115.41040900315299"
"51","128","추가 검토 필요","묶음 수량 제거 후에도 동일 데이터 없음","consumable","불화살 x10 - 에니르 일림","Fire Arrow x10 - Enir-Ilim","dlc","-135.6953125","95.94136651564764"
"52","131","형식 정리로 매칭 가능","형식 정리로 매칭 가능(수량/위치/접두사/기호/공백)","consumable","불의 똬리 x2","Fire Coil x2","dlc","-116.734375","129.7071540566167"
"53","132","형식 정리로 매칭 가능","형식 정리로 매칭 가능(수량/위치/접두사/기호/공백)","consumable","불의 똬리 x3","Fire Coil x3","dlc","-117.40625","128.7304316224182"
"54","133","형식 정리로 매칭 가능","형식 정리로 매칭 가능(수량/위치/접두사/기호/공백)","consumable","화령석 x3","Fire Spritestone x3","dlc","-122.5859375","108.57451868027262"
"55","155","추가 검토 필요","묶음 수량 제거 후에도 동일 데이터 없음","consumable","황금 볼트 x10 - 에니르 일림","Golden Bolt x10 - Enir-Ilim","dlc","-135.7109375","95.44129815547154"
"56","163","형식 정리로 매칭 가능","형식 정리로 매칭 가능(수량/위치/접두사/기호/공백)","consumable","황금 뿔 화폐 x2","Golden Horn Tender x2","dlc","-159.1640625","126.58209726029504"
"57","165","추가 검토 필요","묶음 수량 제거 후에도 동일 데이터 없음","consumable","대형 화살 x10","Great Arrow x10","dlc","-157.6171875","107.48836550105099"
"58","169","형식 정리로 매칭 가능","형식 정리로 매칭 가능(수량/위치/접두사/기호/공백)","consumable","면역의 육포 x3","Immunizing Cured Meat x3","dlc","-122.76445317268372","99.58218220732587"
"59","172","형식 정리로 매칭 가능","형식 정리로 매칭 가능(수량/위치/접두사/기호/공백)","consumable","내용물이 된 살 x2 - 한탄하는 자의 감옥","Innard Meat x2 - Lamenter's Gaol","dlc","-162.734375","113.54289590368735"
"60","176","추가 검토 필요","묶음 수량 제거 후에도 동일 데이터 없음","consumable","쿠크리 x5","Kukri x5","dlc","-137.6171875","132.6068224787516"
"61","177","추가 검토 필요","묶음 수량 제거 후에도 동일 데이터 없음","consumable","쿠크리 x6","Kukri x6","dlc","-117.8046875","131.85567866363553"
"62","178","추가 검토 필요","묶음 수량 제거 후에도 동일 데이터 없음","consumable","쿠크리 x6","Kukri x6","dlc","-131.33619797229767","102.42637935591077"
"63","182","형식 정리로 매칭 가능","형식 정리로 매칭 가능(수량/위치/접두사/기호/공백)","consumable","항뢰의 간 절임 x2 - 에니르 일림","Lightningproof Pickled Liver x2 - Enir-Ilim","dlc","-137.60781252384186","98.22328262749934"
"64","183","추가 검토 필요","묶음 수량 제거 후에도 동일 데이터 없음","consumable","군주군의 볼트 - 에니르 일림","Lordsworn's Bolt - Enir-Ilim","dlc","-138.13164067268372","96.4806753524831"
"65","184","형식 정리로 매칭 가능","형식 정리로 매칭 가능(수량/위치/접두사/기호/공백)","consumable","짐승 고기 덩어리 x2","Lump of Flesh x2","dlc","-137.10416662693024","124.06640625"
"66","194","형식 정리로 매칭 가능","형식 정리로 매칭 가능(수량/위치/접두사/기호/공백)","consumable","독 이끼약 x2 - 에니르 일림","Neutralizing Boluses x2 - Enir-Ilim","dlc","-134.5078125","94.05111825420398"
"67","195","추가 검토 필요","묶음 수량 제거 후에도 동일 데이터 없음","consumable","독 투척 뼈화살 x8 - 벨라트 탑의 도시","Poisonbone Dart x8 - Belurat Tower Settlement","dlc","-144.82291662693024","98.65234375"
"68","196","형식 정리로 매칭 가능","형식 정리로 매칭 가능(수량/위치/접두사/기호/공백)","consumable","출혈 이끼약 x2","Preserving Boluses x2","dlc","-122.86979162693024","106.38671875"
"69","198","추가 검토 필요","묶음 수량 제거 후에도 동일 데이터 없음","consumable","라우프 벌레","Rauh Burrow","dlc","-123.671875","118.27753652782854"
"70","201","추가 검토 필요","묶음 수량 제거 후에도 동일 데이터 없음","consumable","회춘의 환약 x2 - 전갈 강 지하 묘지","Rejuvenating Boluses x2 - Scorpion River Catacombs","dlc","-127.07291662693024","100.43359375"
"71","202","추가 검토 필요","묶음 수량 제거 후에도 동일 데이터 없음","consumable","회춘의 환약 x3 - 전갈 강 지하 묘지","Rejuvenating Boluses x3 - Scorpion River Catacombs","dlc","-124.2265625","98.4964036225096"
"72","214","형식 정리로 매칭 가능","형식 정리로 매칭 가능(수량/위치/접두사/기호/공백)","consumable","성스러운 피와 살 x3","Sacred Bloody Flesh x3","dlc","-134.33854162693024","113.10546875"
"73","215","추가 검토 필요","묶음 수량 제거 후에도 동일 데이터 없음","consumable","신혈의 살점 x5","Sacred Flesh x5","dlc","-119.3125","115.92572127467557"
"74","218","추가 검토 필요","묶음 수량 제거 후에도 동일 데이터 없음","consumable","뱀 화살 x8 - 벨라트 탑의 도시","Serpent Arrow x8 - Belurat Tower Settlement","dlc","-140.8671875","96.94933816668262"
"75","272","형식 정리로 매칭 가능","형식 정리로 매칭 가능(수량/위치/접두사/기호/공백)","consumable","정령석 x3","Spirit Caculus x3","dlc","-130.24244797229767","101.92640479369693"
"76","273","추가 검토 필요","묶음 수량 제거 후에도 동일 데이터 없음","consumable","트리나의 화살 x10 - 석관의 대구멍","St. Trina's Arrow x10 - Stone Coffin Fissure","dlc","-190.0703125","119.86351922886303"
"77","279","추가 검토 필요","묶음 수량 제거 후에도 동일 데이터 없음","consumable","격앙의 이끼약 x1 - 벨라트 탑의 도시","Stimulating Boluses x1 - Belurat Tower Settlement","dlc","-141.8125","99.74626764119795"
"78","280","형식 정리로 매칭 가능","형식 정리로 매칭 가능(수량/위치/접두사/기호/공백)","consumable","양지석 x2 - 에니르 일림","Sunwarmth Stone x2 - Enir-Ilim","dlc","-134.6640625","94.38655831721172"
"79","283","형식 정리로 매칭 가능","형식 정리로 매칭 가능(수량/위치/접두사/기호/공백)","consumable","투척 단검 x3 - 벨라트 탑의 도시","Throwing Dagger x3 - Belurat Tower Settlement","dlc","-141.484375","99.76954705829073"
"80","284","형식 정리로 매칭 가능","형식 정리로 매칭 가능(수량/위치/접두사/기호/공백)","consumable","투척 단검 x5","Throwing Dagger x5","dlc","-115.0625","99.06645051750137"
"81","285","형식 정리로 매칭 가능","형식 정리로 매칭 가능(수량/위치/접두사/기호/공백)","consumable","투척 단검 x8","Throwing Dagger x8","dlc","-145.0078125","129.25370490426795"
"82","295","추가 검토 필요","맵 전용 표식/보상 포함: E 데이터에서 동일 제목 없음","key_item","""침입"" 그림","""Incursion"" Painting","dlc","-161.5078125","111.09039209582343"
"83","296","추가 검토 필요","맵 전용 표식/보상 포함: E 데이터에서 동일 제목 없음","key_item","""성스러운 탑"" 그림","""The Sacred Tower"" Painting","dlc","-151.9453125","118.30104913644007"
"84","299","추가 검토 필요","맵 전용 표식/보상 포함: E 데이터에서 동일 제목 없음","key_item","옛 유적의 십자 메시지","Ancient Ruins Cross Message","dlc","-121.51588547229767","108.80886712667177"
"85","307","추가 검토 필요","맵 전용 표식/보상 포함: E 데이터에서 동일 제목 없음","key_item","성의 십자 메시지","Castle Cross Message","dlc","-136.53125","118.35585287767319"
"86","308","추가 검토 필요","맵 전용 표식/보상 포함: E 데이터에서 동일 제목 없음","key_item","용의 경계 그림","Domain of Dragons Painting","dlc","-120.28125","128.55860945782308"
"87","309","추가 검토 필요","맵 전용 표식/보상 포함: E 데이터에서 동일 제목 없음","key_item","용의 경계 그림 보상","Domain of Dragons Painting Solution","dlc","-163.78125","154.44509881931862"
"88","328","추가 검토 필요","맵 전용 표식/보상 포함: E 데이터에서 동일 제목 없음","key_item","소각로 관리자의 수기","Furnace Keeper's Note","dlc","-122.5546875","125.88778830995247"
"89","336","추가 검토 필요","맵 전용 표식/보상 포함: E 데이터에서 동일 제목 없음","key_item","기름 장사의 방울","Greasemonger's Bell Bearing","dlc","-127.3515625","141.98900952179673"
"90","345","추가 검토 필요","맵 전용 표식/보상 포함: E 데이터에서 동일 제목 없음","key_item","큰 항아리 도공의 제작서 [4]","Greater Potentate's Cookbook [4]","dlc","-130.59375","140.63770834285322"
"91","360","추가 검토 필요","맵 전용 표식/보상 포함: E 데이터에서 동일 제목 없음","key_item","약초 장사의 방울","Herbalist's Bell Bearing","dlc","-152.703125","119.35536736314202"
"92","363","추가 검토 필요","맵 전용 표식/보상 포함: E 데이터에서 동일 제목 없음","key_item","에이곤의 방울","Igon's Bell Bearing","dlc","-163.421875","145.87118770135532"
"93","368","추가 검토 필요","맵 전용 표식/보상 포함: E 데이터에서 동일 제목 없음","key_item","침입 그림 보상","Incursion Painting Solution","dlc","-141.42812502384186","105.03124684285181"
"94","380","추가 검토 필요","맵 전용 표식/보상 포함: E 데이터에서 동일 제목 없음","key_item","당신과 함께 - 에니르 일림","Let Us Go Together - Enir-Ilim","dlc","-137.2734375","95.16750179925974"
"95","381","추가 검토 필요","맵 전용 표식/보상 포함: E 데이터에서 동일 제목 없음","key_item","프레이야에게 보내는 편지","Letter for Freyja","dlc","-115.71875","129.73077295278364"
"96","386","추가 검토 필요","맵 전용 표식/보상 포함: E 데이터에서 동일 제목 없음","key_item","겨루기 소망","May the Best Win","dlc","-134.34375","121.92599038941374"
"97","387","추가 검토 필요","맵 전용 표식/보상 포함: E 데이터에서 동일 제목 없음","key_item","레다의 메시지","Message from Leda","dlc","-135.1484375","122.51957589774001"
"98","388","추가 검토 필요","맵 전용 표식/보상 포함: E 데이터에서 동일 제목 없음","key_item","레다의 메시지","Message from Leda","dlc","-122.12526047229767","108.50419512782273"
"99","391","추가 검토 필요","맵 전용 표식/보상 포함: E 데이터에서 동일 제목 없음","key_item","곰팡이 장사의 방울","Moldmonger's Bell Bearing","dlc","-137.2265625","136.3324539332389"
"100","392","추가 검토 필요","맵 전용 표식/보상 포함: E 데이터에서 동일 제목 없음","key_item","승려의 편지","Monk's Missive","dlc","-134.53385412693024","121.81640625"
"101","393","추가 검토 필요","맵 전용 표식/보상 포함: E 데이터에서 동일 제목 없음","key_item","무어의 방울 - 에니르 일림","Moore's Bell Bearing - Enir-Ilim","dlc","-141.04570317268372","96.24629796769065"
"102","394","추가 검토 필요","맵 전용 표식/보상 포함: E 데이터에서 동일 제목 없음","key_item","버섯 장사의 방울 [1]","Mushroom-Seller's Bell Bearing (1)","dlc","-135.578125","108.13592193497533"
"103","395","추가 검토 필요","맵 전용 표식/보상 포함: E 데이터에서 동일 제목 없음","key_item","버섯 장사의 방울 [2]","Mushroom-Seller's Bell Bearing [2]","dlc","-156.44791662693024","119.44921875"
"104","396","추가 검토 필요","맵 전용 표식/보상 포함: E 데이터에서 동일 제목 없음","key_item","어머니여","O Mother (Gesture)","dlc","-134.21875","133.5366799088375"
"105","400","추가 검토 필요","맵 전용 표식/보상 포함: E 데이터에서 동일 제목 없음","key_item","비밀 의식의 두루마리","Secret Rite Scroll","dlc","-117.4140625","129.01207717396272"
"106","401","추가 검토 필요","맵 전용 표식/보상 포함: E 데이터에서 동일 제목 없음","key_item","마술기계 장인의 방울","Spellmachinist's Bell Bearing","dlc","-122.453125","142.51985254638092"
"107","405","추가 검토 필요","맵 전용 표식/보상 포함: E 데이터에서 동일 제목 없음","key_item","창고의 십자 메시지","Storehouse Cross Message","dlc","-116.6484375","128.25376345160848"
"108","407","추가 검토 필요","맵 전용 표식/보상 포함: E 데이터에서 동일 제목 없음","key_item","끈 장사의 방울","String-Seller's Bell Bearing","dlc","-158.1640625","102.88793824826357"
"109","409","추가 검토 필요","맵 전용 표식/보상 포함: E 데이터에서 동일 제목 없음","key_item","성스러운 탑 그림 보상","The Sacred Tower Painting Solution","dlc","-134.2109375","111.56288478339484"
"110","410","추가 검토 필요","맵 전용 표식/보상 포함: E 데이터에서 동일 제목 없음","key_item","두 손가락","The Two Fingers (Gesture)","dlc","-111.828125","150.09005075315824"
"111","412","추가 검토 필요","맵 전용 표식/보상 포함: E 데이터에서 동일 제목 없음","key_item","찢어진 일지","Torn Diary Page","dlc","-158.828125","128.23081140538267"
"112","413","추가 검토 필요","맵 전용 표식/보상 포함: E 데이터에서 동일 제목 없음","key_item","그림자 탑 메시지 - 벨라트 탑의 도시","Tower of Shadow Message - Belurat Tower Settlement","dlc","-136.484375","100.3556543906032"
"113","415","추가 검토 필요","맵 전용 표식/보상 포함: E 데이터에서 동일 제목 없음","key_item","유미르의 방울","Ymir's Bell Bearing","dlc","-132.15104162693024","137.33984375"
"114","416","추가 검토 필요","지도 조각: E 데이터에서 동일 제목 없음","map_fragment","십자 지도","Cross Map","dlc","-148.859375","110.67525289595137"
"115","417","추가 검토 필요","지도 조각: E 데이터에서 동일 제목 없음","map_fragment","지도 조각: 나락","Map: Abyss","dlc","-155.9296875","149.39525522698997"
"116","418","추가 검토 필요","지도 조각: E 데이터에서 동일 제목 없음","map_fragment","지도 조각: 묘지 평원","Map: Gravesite Plain","dlc","-157.8671875","115.09793470686347"
"117","419","추가 검토 필요","지도 조각: E 데이터에서 동일 제목 없음","map_fragment","지도 조각: 라우프의 옛 유적","Map: Rauh Ruins","dlc","-129.28782384525863","110.33169454707779"
"118","420","추가 검토 필요","지도 조각: E 데이터에서 동일 제목 없음","map_fragment","지도 조각: 그림자 알터","Map: Scadu Altus","dlc","-129.43235291663035","122.67322506200382"
"119","421","추가 검토 필요","지도 조각: E 데이터에서 동일 제목 없음","map_fragment","지도 조각: 남쪽 해안","Map: Southern Shore","dlc","-178.546875","121.1291912264841"
"120","422","추가 검토 필요","지도 조각: E 데이터에서 동일 제목 없음","map_fragment","새로운 십자 지도","New Cross Map","dlc","-134.72135412693024","122.83203125"
"121","423","추가 검토 필요","지도 조각: E 데이터에서 동일 제목 없음","map_fragment","폐허 지도","Ruins Map","dlc","-132.3828125","138.1997628118717"
"122","424","추가 검토 필요","지도 조각: E 데이터에서 동일 제목 없음","map_fragment","폐허 지도","Ruins Map (2nd)","dlc","-132.57291662693024","138.44921875"
"123","425","추가 검토 필요","지도 조각: E 데이터에서 동일 제목 없음","map_fragment","폐허 지도","Ruins Map (3rd)","dlc","-132.8984375","138.35556894038308"
"124","426","형식 정리로 매칭 가능","형식 정리로 매칭 가능(수량/위치/접두사/기호/공백)","material","짐승 피 x2","Beast Blood x2","dlc","-115.140625","98.777023881603"
"125","427","형식 정리로 매칭 가능","형식 정리로 매칭 가능(수량/위치/접두사/기호/공백)","material","짐승 피 x2","Beast Blood x2","dlc","-157.69791662693024","104.54296875"
"126","428","형식 정리로 매칭 가능","형식 정리로 매칭 가능(수량/위치/접두사/기호/공백)","material","짐승 피 x3","Beast Blood x3","dlc","-132.2265625","108.19181322541583"
"127","430","형식 정리로 매칭 가능","형식 정리로 매칭 가능(수량/위치/접두사/기호/공백)","material","짐승 뿔 x3","Beast Horn x3","dlc","-126.96875","107.42647239421495"
"128","431","형식 정리로 매칭 가능","형식 정리로 매칭 가능(수량/위치/접두사/기호/공백)","material","짐승 뿔 x4","Beast Horn x4","dlc","-115.4375","129.3165290566167"
"129","432","형식 정리로 매칭 가능","형식 정리로 매칭 가능(수량/위치/접두사/기호/공백)","material","짐승 뿔 x4","Beast Horn x4","dlc","-117.1953125","128.09748489193018"
"130","433","형식 정리로 매칭 가능","형식 정리로 매칭 가능(수량/위치/접두사/기호/공백)","material","짐승 간 x3","Beast Liver x3","dlc","-117.50624990463257","121.53882742104848"
"131","434","형식 정리로 매칭 가능","형식 정리로 매칭 가능(수량/위치/접두사/기호/공백)","material","짐승 간 x3 - 벨라트 탑의 도시","Beast Liver x3 - Belurat Tower Settlement","dlc","-139.86197912693024","96.86328125"
"132","435","형식 정리로 매칭 가능","형식 정리로 매칭 가능(수량/위치/접두사/기호/공백)","material","짐승 피 x3","Beast blood x3","dlc","-117.82499957084656","120.60462122472104"
"133","440","형식 정리로 매칭 가능","형식 정리로 매칭 가능(수량/위치/접두사/기호/공백)","material","검은불나비 x2 - 벨라트 탑의 도시","Black Pyrefly x2 - Belurat Tower Settlement","dlc","-141.3125","101.16815866311421"
"134","441","형식 정리로 매칭 가능","형식 정리로 매칭 가능(수량/위치/접두사/기호/공백)","material","검은불나비 x3","Black Pyrefly x3","dlc","-153.953125","117.0588008076677"
"135","442","형식 정리로 매칭 가능","형식 정리로 매칭 가능(수량/위치/접두사/기호/공백)","material","검은불나비 x3","Black Pyrefly x3","dlc","-155.2421875","114.83183133225188"
"136","443","형식 정리로 매칭 가능","형식 정리로 매칭 가능(수량/위치/접두사/기호/공백)","material","검은불나비 x3","Black Pyrefly x3","dlc","-137.8203125","116.4385674179766"
"137","444","형식 정리로 매칭 가능","형식 정리로 매칭 가능(수량/위치/접두사/기호/공백)","material","검은불나비 x3","Black Pyrefly x3","dlc","-158.74479150772095","107.19921875"
"138","445","형식 정리로 매칭 가능","형식 정리로 매칭 가능(수량/위치/접두사/기호/공백)","material","검은불나비 x3 - 벨라트 탑의 도시","Black Pyrefly x3 - Belurat Tower Settlement","dlc","-143.1640625","101.2931127336209"
"139","446","형식 정리로 매칭 가능","형식 정리로 매칭 가능(수량/위치/접두사/기호/공백)","material","검은불나비 x3 - 벨라트 탑의 도시","Black Pyrefly x3 - Belurat Tower Settlement","dlc","-140.296875","102.44148935033907"
"140","447","형식 정리로 매칭 가능","형식 정리로 매칭 가능(수량/위치/접두사/기호/공백)","material","검은불나비 x3 - 벨라트 탑의 도시","Black Pyrefly x3 - Belurat Tower Settlement","dlc","-140.5703125","101.12927667670422"
"141","448","형식 정리로 매칭 가능","형식 정리로 매칭 가능(수량/위치/접두사/기호/공백)","material","검은불나비 x4","Black Pyrefly x4","dlc","-115.765625","128.3866716265308"
"142","449","형식 정리로 매칭 가능","형식 정리로 매칭 가능(수량/위치/접두사/기호/공백)","material","검은불나비 x4","Black Pyrefly x4","dlc","-118.1171875","128.30064701951198"
"143","450","형식 정리로 매칭 가능","형식 정리로 매칭 가능(수량/위치/접두사/기호/공백)","material","검은불나비 x4 - 벨라트 탑의 도시","Black Pyrefly x4 - Belurat Tower Settlement","dlc","-139.953125","100.14473398064723"
"144","451","형식 정리로 매칭 가능","형식 정리로 매칭 가능(수량/위치/접두사/기호/공백)","material","검은불나비 x5","Black Pyrefly x5","dlc","-134.4140625","114.80868112285007"
"145","452","형식 정리로 매칭 가능","형식 정리로 매칭 가능(수량/위치/접두사/기호/공백)","material","검은불나비 x5 - 벨라트 탑의 도시","Black Pyrefly x5 - Belurat Tower Settlement","dlc","-143.28125","98.68369714476634"
"146","458","추가 검토 필요","소재 명칭 차이 또는 데이터 누락","material","싹 난 뿔 x4 - 에니르 일림","Budding Horn x4 - Enir-Ilim","dlc","-137.8203125","97.30123534888503"
"147","463","형식 정리로 매칭 가능","형식 정리로 매칭 가능(수량/위치/접두사/기호/공백)","material","응고한 수렁 x5 - 석관의 대구멍","Congealed Putrescence x5 - Stone Coffin Fissure","dlc","-190.734375","119.33219659617593"
"148","465","형식 정리로 매칭 가능","형식 정리로 매칭 가능(수량/위치/접두사/기호/공백)","material","게알 x2","Crab Eggs x2","dlc","-118.09375","132.7312298654268"
"149","466","형식 정리로 매칭 가능","형식 정리로 매칭 가능(수량/위치/접두사/기호/공백)","material","게알 x2","Crab Eggs x2","dlc","-120.3046875","132.16823578299216"
"150","467","형식 정리로 매칭 가능","형식 정리로 매칭 가능(수량/위치/접두사/기호/공백)","material","게알 x2","Crab Eggs x2","dlc","-118.1328125","131.06692407833393"
"151","469","형식 정리로 매칭 가능","형식 정리로 매칭 가능(수량/위치/접두사/기호/공백)","material","암자색 수련꽃 x2 - 석관의 대구멍","Deep-Purple Lily x2 - Stone Coffin Fissure","dlc","-189.421875","120.42587716787209"
"152","470","형식 정리로 매칭 가능","형식 정리로 매칭 가능(수량/위치/접두사/기호/공백)","material","암자색 수련꽃 x3 - 석관의 대구멍","Deep-Purple Lily x3 - Stone Coffin Fissure","dlc","-188.78125","116.76182000851084"
"153","475","형식 정리로 매칭 가능","형식 정리로 매칭 가능(수량/위치/접두사/기호/공백)","material","옥로 x2","Dewgem x2","dlc","-118.9140625","111.08121015924877"
"154","476","형식 정리로 매칭 가능","형식 정리로 매칭 가능(수량/위치/접두사/기호/공백)","material","옥로 x3","Dewgem x3","dlc","-145.046875","129.85537735902943"
"155","477","형식 정리로 매칭 가능","형식 정리로 매칭 가능(수량/위치/접두사/기호/공백)","material","옥로 x3","Dewgem x3","dlc","-119.62760412693024","133.58984375"
"156","478","형식 정리로 매칭 가능","형식 정리로 매칭 가능(수량/위치/접두사/기호/공백)","material","옥로 x3 - 벨라트 탑의 도시","Dewgem x3 - Belurat Tower Settlement","dlc","-140.984375","102.24632104758552"
"157","479","형식 정리로 매칭 가능","형식 정리로 매칭 가능(수량/위치/접두사/기호/공백)","material","옥로 x3 - 석관의 대구멍","Dewgem x3 - Stone Coffin Fissure","dlc","-181.83854162693024","125.67578125"
"158","480","형식 정리로 매칭 가능","형식 정리로 매칭 가능(수량/위치/접두사/기호/공백)","material","옥로 x4","Dewgem x4","dlc","-122.2421875","107.66038782009653"
"159","481","형식 정리로 매칭 가능","형식 정리로 매칭 가능(수량/위치/접두사/기호/공백)","material","메스메르의 잔불 x2","Ember of Messmer x2","dlc","-118.421875","129.12080386926522"
"160","482","형식 정리로 매칭 가능","형식 정리로 매칭 가능(수량/위치/접두사/기호/공백)","material","메스메르의 잔불 x2","Ember of Messmer x2","dlc","-116.8828125","129.04371844155548"
"161","483","형식 정리로 매칭 가능","형식 정리로 매칭 가능(수량/위치/접두사/기호/공백)","material","메스메르의 잔불 x3","Ember of Messmer x3","dlc","-117.1171875","130.5038691224182"
"162","484","형식 정리로 매칭 가능","형식 정리로 매칭 가능(수량/위치/접두사/기호/공백)","material","메스메르의 잔불 x3","Ember of Messmer x3","dlc","-115.8046875","128.16770742894352"
"163","485","형식 정리로 매칭 가능","형식 정리로 매칭 가능(수량/위치/접두사/기호/공백)","material","메스메르의 잔불 x3","Ember of Messmer x3","dlc","-116.7265625","129.98088403806977"
"164","486","형식 정리로 매칭 가능","형식 정리로 매칭 가능(수량/위치/접두사/기호/공백)","material","메스메르의 잔불 x5","Ember of Messmer x5","dlc","-124.37968754768372","134.03842862113743"
"165","487","형식 정리로 매칭 가능","형식 정리로 매칭 가능(수량/위치/접두사/기호/공백)","material","메스메르의 잔불 x5","Ember of Messmer x5","dlc","-115.92994797229767","129.58221917160887"
"166","488","형식 정리로 매칭 가능","형식 정리로 매칭 가능(수량/위치/접두사/기호/공백)","material","메스메르의 잔불 x6","Ember of Messmer x6","dlc","-124.578125","123.4103261800859"
"167","491","추가 검토 필요","소재 명칭 차이 또는 데이터 누락","material","날개 깃 x2","Flight Pinion x2","dlc","-122.90625","107.09781091489842"
"168","492","추가 검토 필요","소재 명칭 차이 또는 데이터 누락","material","날개 깃 x4 - 벨라트 탑의 도시","Flight Pinion x4 - Belurat Tower Settlement","dlc","-140.90885412693024","99.92578125"
"169","494","형식 정리로 매칭 가능","형식 정리로 매칭 가능(수량/위치/접두사/기호/공백)","material","파리곰팡이 x3","Fly Mold x3","dlc","-137.4140625","109.73075906712286"
"170","495","형식 정리로 매칭 가능","형식 정리로 매칭 가능(수량/위치/접두사/기호/공백)","material","파리곰팡이 x3","Fly Mold x3","dlc","-140.09375","113.09780877864291"
"171","496","형식 정리로 매칭 가능","형식 정리로 매칭 가능(수량/위치/접두사/기호/공백)","material","파리곰팡이 x3","Fly Mold x3","dlc","-135.6640625","138.76225580463347"
"172","497","형식 정리로 매칭 가능","형식 정리로 매칭 가능(수량/위치/접두사/기호/공백)","material","파리곰팡이 x4","Fly Mold x4","dlc","-122.55351567268372","99.44937646423782"
"173","498","형식 정리로 매칭 가능","형식 정리로 매칭 가능(수량/위치/접두사/기호/공백)","material","파리곰팡이 x4 - 벨라트 탑의 도시","Fly Mold x4 - Belurat Tower Settlement","dlc","-140.31510412693024","99.66796875"
"174","500","형식 정리로 매칭 가능","형식 정리로 매칭 가능(수량/위치/접두사/기호/공백)","material","네 발가락 새다리 x4","Four-Toed Fowl Foot x4","dlc","-130.40260422229767","99.37184726488562"
"175","504","형식 정리로 매칭 가능","형식 정리로 매칭 가능(수량/위치/접두사/기호/공백)","material","얼어붙은 구더기 x8 - 보니의 감옥","Frozen Maggot x8 - Bonny Gaol","dlc","-142.75","133.14512957526046"
"176","525","형식 정리로 매칭 가능","형식 정리로 매칭 가능(수량/위치/접두사/기호/공백)","material","소각로 가면 x2","Furnace Visage x2","dlc","-143.22916662693024","111.37890625"
"177","526","형식 정리로 매칭 가능","형식 정리로 매칭 가능(수량/위치/접두사/기호/공백)","material","소각로 가면 x3","Furnace Visage x3","dlc","-148.86979162693024","109.99609375"
"178","529","형식 정리로 매칭 가능","형식 정리로 매칭 가능(수량/위치/접두사/기호/공백)","material","영혼 불 꽃 x4","Ghosflame Bloom x4","dlc","-168.89687502384186","114.2662415290584"
"179","532","추가 검토 필요","소재 명칭 차이 또는 데이터 누락","material","거인 불의 반딧불 x3","Giantslab Firefly x3","dlc","-139.29947912693024","121.95703125"
"180","535","형식 정리로 매칭 가능","형식 정리로 매칭 가능(수량/위치/접두사/기호/공백)","material","휘석 덩어리 반딧불 x3","Glintslab Firefly x3","dlc","-117.375","127.80948338397917"
"181","537","형식 정리로 매칭 가능","형식 정리로 매칭 가능(수량/위치/접두사/기호/공백)","material","묘방울벌레 x6","Grave Cricket x6","dlc","-173.703125","120.71520242729895"
"182","538","형식 정리로 매칭 가능","형식 정리로 매칭 가능(수량/위치/접두사/기호/공백)","material","묘방울벌레 x6","Grave Cricket x6","dlc","-175.11979162693024","121.39453125"
"183","540","형식 정리로 매칭 가능","형식 정리로 매칭 가능(수량/위치/접두사/기호/공백)","material","굵은 짐승 뼈 x3","Hefty Beast Bone x3","dlc","-120.4296875","129.30052421289525"
"184","541","형식 정리로 매칭 가능","형식 정리로 매칭 가능(수량/위치/접두사/기호/공백)","material","굵은 짐승 뼈 x3","Hefty Beast Bone x3","dlc","-115.8515625","128.9573796780753"
"185","542","형식 정리로 매칭 가능","형식 정리로 매칭 가능(수량/위치/접두사/기호/공백)","material","굵은 짐승 뼈 x2","Hefty Beast Bones x2","dlc","-134.19791662693024","109.89453125"
"186","546","형식 정리로 매칭 가능","형식 정리로 매칭 가능(수량/위치/접두사/기호/공백)","material","인골 조각 x2","Human Bone Shard x2","dlc","-137.5546875","133.63826097262842"
"187","553","형식 정리로 매칭 가능","형식 정리로 매칭 가능(수량/위치/접두사/기호/공백)","material","혹기름 x3","Knot Resin x3","dlc","-123.8515625","100.1446026009338"
"188","554","형식 정리로 매칭 가능","형식 정리로 매칭 가능(수량/위치/접두사/기호/공백)","material","혹기름 x3 - 벨라트 탑의 도시","Knot Resin x3 - Belurat Tower Settlement","dlc","-141.765625","100.0040459611099"
"189","555","형식 정리로 매칭 가능","형식 정리로 매칭 가능(수량/위치/접두사/기호/공백)","material","혹기름 x5 - 벨라트 탑의 도시","Knot Resin x5 - Belurat Tower Settlement","dlc","-140.0390625","97.77762124958984"
"190","556","형식 정리로 매칭 가능","형식 정리로 매칭 가능(수량/위치/접두사/기호/공백)","material","산 항아리 파편 x2","Living Jar Shard x2","dlc","-137.2734375","133.61357904401711"
"191","557","형식 정리로 매칭 가능","형식 정리로 매칭 가능(수량/위치/접두사/기호/공백)","material","산 항아리 파편 x3","Living Jar Shard x3","dlc","-137.4296875","133.4272849170627"
"192","558","형식 정리로 매칭 가능","형식 정리로 매칭 가능(수량/위치/접두사/기호/공백)","material","산 항아리 파편 x6 - 한탄하는 자의 감옥","Living Jar Shard x6 - Lamenter's Gaol","dlc","-160.078125","113.55852303994286"
"193","560","형식 정리로 매칭 가능","형식 정리로 매칭 가능(수량/위치/접두사/기호/공백)","material","짐승 고기 덩어리 x2","Lump of Flesh x2","dlc","-117.53125","128.49599521910986"
"194","561","형식 정리로 매칭 가능","형식 정리로 매칭 가능(수량/위치/접두사/기호/공백)","material","짐승 고기 덩어리 x3","Lump of Flesh x3","dlc","-114.8828125","98.85547446193566"
"195","566","형식 정리로 매칭 가능","형식 정리로 매칭 가능(수량/위치/접두사/기호/공백)","material","밀혈의 나무 싹 x6 - 석관의 대구멍","Nectarblood Burgeon x6 - Stone Coffin Fissure","dlc","-187.15104162693024","125.42578125"
"196","572","형식 정리로 매칭 가능","형식 정리로 매칭 가능(수량/위치/접두사/기호/공백)","material","라다 열매 x4","Rada Fruit x4","dlc","-118.1484375","131.4259126245202"
"197","573","추가 검토 필요","소재 명칭 차이 또는 데이터 누락","material","라우프 벌레","Rauh Burrow","dlc","-123.21875","99.26176446586777"
"198","574","추가 검토 필요","소재 명칭 차이 또는 데이터 누락","material","라우프 벌레","Rauh Burrow","dlc","-130.53125","99.83161856264852"
"199","575","추가 검토 필요","소재 명칭 차이 또는 데이터 누락","material","라우프 벌레 x4","Rauh Burrow x4","dlc","-131.9296875","108.63684243919363"
"200","576","추가 검토 필요","소재 명칭 차이 또는 데이터 누락","material","라우프 벌레 x5","Rauh Burrow x5","dlc","-117.609375","106.97889796769329"
"201","577","형식 정리로 매칭 가능","형식 정리로 매칭 가능(수량/위치/접두사/기호/공백)","material","붉은 벼락꽃 x3","Red Fulgurbloom x3","dlc","-165.4453125","131.68391504282766"
"202","578","형식 정리로 매칭 가능","형식 정리로 매칭 가능(수량/위치/접두사/기호/공백)","material","붉은 벼락꽃 x8","Red Fulgurbloom x8","dlc","-163.8671875","151.27767145159416"
"203","581","형식 정리로 매칭 가능","형식 정리로 매칭 가능(수량/위치/접두사/기호/공백)","material","붉은살버섯 x4 - 에니르 일림","Redflesh Mushroom x4 - Enir-Ilim","dlc","-136.99108495643281","97.83802254591616"
"204","582","형식 정리로 매칭 가능","형식 정리로 매칭 가능(수량/위치/접두사/기호/공백)","material","붉은살버섯 x5","Redflesh Mushroom x5","dlc","-155.625","115.90214240426796"
"205","583","형식 정리로 매칭 가능","형식 정리로 매칭 가능(수량/위치/접두사/기호/공백)","material","붉은살버섯 x5","Redflesh Mushroom x5","dlc","-118.2265625","118.32803814136005"
"206","584","형식 정리로 매칭 가능","형식 정리로 매칭 가능(수량/위치/접두사/기호/공백)","material","붉은살버섯 x5","Redflesh Mushroom x5","dlc","-145.19791662693024","129.68359375"
"207","585","형식 정리로 매칭 가능","형식 정리로 매칭 가능(수량/위치/접두사/기호/공백)","material","붉은살버섯 x5","Redflesh Mushroom x5","dlc","-117.04088544845581","129.90239057138876"
"208","586","형식 정리로 매칭 가능","형식 정리로 매칭 가능(수량/위치/접두사/기호/공백)","material","붉은살버섯 x5 - 벨라트 탑의 도시","Redflesh Mushroom x5 - Belurat Tower Settlement","dlc","-140.8125","100.32431039536108"
"209","587","형식 정리로 매칭 가능","형식 정리로 매칭 가능(수량/위치/접두사/기호/공백)","material","붉은살버섯 x5 - 전갈 강 지하 묘지","Redflesh Mushroom x5 - Scorpion River Catacombs","dlc","-123.8671875","101.01198863895998"
"210","588","형식 정리로 매칭 가능","형식 정리로 매칭 가능(수량/위치/접두사/기호/공백)","material","붉은살버섯 x7","Redflesh Mushroom x7","dlc","-118.2421875","123.95698269854688"
"211","589","형식 정리로 매칭 가능","형식 정리로 매칭 가능(수량/위치/접두사/기호/공백)","material","붉은살버섯 x8","Redflesh Mushroom x8","dlc","-133.796875","115.19934869653628"
"212","590","형식 정리로 매칭 가능","형식 정리로 매칭 가능(수량/위치/접두사/기호/공백)","material","붉은살버섯 x8 - 벨라트 탑의 도시","Redflesh Mushroom x8 - Belurat Tower Settlement","dlc","-140.0078125","99.89469980055918"
"213","595","형식 정리로 매칭 가능","형식 정리로 매칭 가능(수량/위치/접두사/기호/공백)","material","피 아마릴리스 x6","Sanguine Amaryllis x6","dlc","-133.41666662693024","113.02734375"
"214","596","형식 정리로 매칭 가능","형식 정리로 매칭 가능(수량/위치/접두사/기호/공백)","material","붉은 꽃봉오리 x6","Scarlet Bud x6","dlc","-124.984375","96.98824578815865"
"215","597","형식 정리로 매칭 가능","형식 정리로 매칭 가능(수량/위치/접두사/기호/공백)","material","전갈 간 x3","Scorpion Liver x3","dlc","-117.5078125","111.26093050287882"
"216","598","형식 정리로 매칭 가능","형식 정리로 매칭 가능(수량/위치/접두사/기호/공백)","material","전갈 간 x4","Scorpion Liver x4","dlc","-136.97916662693024","138.34765625"
"217","601","형식 정리로 매칭 가능","형식 정리로 매칭 가능(수량/위치/접두사/기호/공백)","material","영륜초 x2","Shadow Sunflower x2","dlc","-129.8984375","129.96525156117553"
"218","602","형식 정리로 매칭 가능","형식 정리로 매칭 가능(수량/위치/접두사/기호/공백)","material","영륜초 x3","Shadow Sunflower x3","dlc","-119.5078125","130.48042733846646"
"219","603","형식 정리로 매칭 가능","형식 정리로 매칭 가능(수량/위치/접두사/기호/공백)","material","영륜초 x3","Shadow Sunflower x3","dlc","-125.60416662693024","117.66015625"
"220","604","형식 정리로 매칭 가능","형식 정리로 매칭 가능(수량/위치/접두사/기호/공백)","material","영륜초 x3","Shadow Sunflower x3","dlc","-116.27604162693024","140.81640625"
"221","605","형식 정리로 매칭 가능","형식 정리로 매칭 가능(수량/위치/접두사/기호/공백)","material","영륜초 x4","Shadow Sunflower x4","dlc","-136.625","129.73145263091757"
"222","606","형식 정리로 매칭 가능","형식 정리로 매칭 가능(수량/위치/접두사/기호/공백)","material","영륜초 x6","Shadow Sunflower x6","dlc","-117.28125","129.45706628459024"
"223","611","형식 정리로 매칭 가능","형식 정리로 매칭 가능(수량/위치/접두사/기호/공백)","material","저민 고기 x2","Sliver of Meat x2","dlc","-116.02369797229767","128.19166492045164"
"224","612","형식 정리로 매칭 가능","형식 정리로 매칭 가능(수량/위치/접두사/기호/공백)","material","저민 고기 x2 - 벨라트 탑의 도시","Sliver of Meat x2 - Belurat Tower Settlement","dlc","-144.00260412693024","98.02734375"
"225","613","형식 정리로 매칭 가능","형식 정리로 매칭 가능(수량/위치/접두사/기호/공백)","material","저민 고기 x3","Sliver of Meat x3","dlc","-134.07291662693024","110.49609375"
"226","622","형식 정리로 매칭 가능","형식 정리로 매칭 가능(수량/위치/접두사/기호/공백)","material","영묘석 x2","Spiritgrave Stone x2","dlc","-130.25026047229767","99.98900336511832"
"227","623","형식 정리로 매칭 가능","형식 정리로 매칭 가능(수량/위치/접두사/기호/공백)","material","영묘석 x2","Spiritgrave Stone x2","dlc","-171.42447912693024","112.83203125"
"228","624","형식 정리로 매칭 가능","형식 정리로 매칭 가능(수량/위치/접두사/기호/공백)","material","영묘석 x3","Spiritgrave Stone x3","dlc","-146.3046875","130.93369942080972"
"229","625","형식 정리로 매칭 가능","형식 정리로 매칭 가능(수량/위치/접두사/기호/공백)","material","영묘석 x3","Spiritgrave Stone x3","dlc","-130.8671875","108.37100381364333"
"230","626","형식 정리로 매칭 가능","형식 정리로 매칭 가능(수량/위치/접두사/기호/공백)","material","폭풍 매의 깃털 x3","Stormhawk Feather x3","dlc","-118.609375","129.83968524378542"
"231","627","형식 정리로 매칭 가능","형식 정리로 매칭 가능(수량/위치/접두사/기호/공백)","material","폭풍 매의 깃털 x3","Stormhawk Feather x3","dlc","-116.578125","127.44892886926522"
"232","630","형식 정리로 매칭 가능","형식 정리로 매칭 가능(수량/위치/접두사/기호/공백)","material","끈 x3","String x3","dlc","-171.8203125","112.25429803925925"
"233","631","형식 정리로 매칭 가능","형식 정리로 매칭 가능(수량/위치/접두사/기호/공백)","material","끈 x4 - 벨라트 탑의 도시","String x4 - Belurat Tower Settlement","dlc","-141.4296875","100.26961541846681"
"234","632","형식 정리로 매칭 가능","형식 정리로 매칭 가능(수량/위치/접두사/기호/공백)","material","끈 x6","String x6","dlc","-117.90625","131.3165176327454"
"235","633","형식 정리로 매칭 가능","형식 정리로 매칭 가능(수량/위치/접두사/기호/공백)","material","흰 저민 고기 x2","Strip of White Flesh x2","dlc","-118.5859375","132.05141813082616"
"236","635","형식 정리로 매칭 가능","형식 정리로 매칭 가능(수량/위치/접두사/기호/공백)","material","부푼 포도 x2","Swollen Grape x2","dlc","-158.74479162693024","128.93359375"
"237","636","형식 정리로 매칭 가능","형식 정리로 매칭 가능(수량/위치/접두사/기호/공백)","material","부푼 포도 x2","Swollen Grape x2","dlc","-158.84635412693024","125.74609375"
"238","639","형식 정리로 매칭 가능","형식 정리로 매칭 가능(수량/위치/접두사/기호/공백)","material","가는 짐승 뼈 x4","Thin Beast Bones x4","dlc","-117.59375","132.2780220423597"
"239","640","형식 정리로 매칭 가능","형식 정리로 매칭 가능(수량/위치/접두사/기호/공백)","material","가는 짐승 뼈 x4","Thin Beast Bones x4","dlc","-160.8046875","128.98872751377456"
"240","641","형식 정리로 매칭 가능","형식 정리로 매칭 가능(수량/위치/접두사/기호/공백)","material","가는 짐승 뼈 x4 - 벨라트 탑의 도시","Thin Beast Bones x4 - Belurat Tower Settlement","dlc","-141.125","101.0743958455812"
"241","642","형식 정리로 매칭 가능","형식 정리로 매칭 가능(수량/위치/접두사/기호/공백)","material","가는 짐승 뼈 x5 - 벨라트 탑의 도시","Thin Beast Bones x5 - Belurat Tower Settlement","dlc","-139.71406197547913","99.8468151302983"
"242","643","형식 정리로 매칭 가능","형식 정리로 매칭 가능(수량/위치/접두사/기호/공백)","material","가는 짐승 뼈 x6","Thin Beast Bones x6","dlc","-154.1640625","117.8556127336209"
"243","644","형식 정리로 매칭 가능","형식 정리로 매칭 가능(수량/위치/접두사/기호/공백)","material","가는 짐승 뼈 x7","Thin Beast Bones x7","dlc","-116.4140625","128.0584338158015"
"244","645","형식 정리로 매칭 가능","형식 정리로 매칭 가능(수량/위치/접두사/기호/공백)","material","가는 짐승 뼈 x8","Thin Beast Bones x8","dlc","-118.4921875","117.64054051288504"
"245","646","형식 정리로 매칭 가능","형식 정리로 매칭 가능(수량/위치/접두사/기호/공백)","material","가는 짐승 뼈 x8 - 벨라트 탑의 도시","Thin Beast Bones x8 - Belurat Tower Settlement","dlc","-143.83072912693024","97.47265625"
"246","647","형식 정리로 매칭 가능","형식 정리로 매칭 가능(수량/위치/접두사/기호/공백)","material","가는 짐승 뼈 x8 - 에니르 일림","Thin Beast Bones x8 - Enir-Ilim","dlc","-137.359375","98.29375414115336"
"247","649","형식 정리로 매칭 가능","형식 정리로 매칭 가능(수량/위치/접두사/기호/공백)","material","독이끼벌레 x8","Toxic Mossling x8","dlc","-145.65885412693024","124.12109375"
"248","651","형식 정리로 매칭 가능","형식 정리로 매칭 가능(수량/위치/접두사/기호/공백)","material","흰살버섯 x3","Whiteflesh Mushroom x3","dlc","-136.265625","106.94131524551557"
"249","652","형식 정리로 매칭 가능","형식 정리로 매칭 가능(수량/위치/접두사/기호/공백)","material","흰살버섯 x3","Whiteflesh Mushroom x3","dlc","-135.2578125","130.63701654401711"
"250","653","형식 정리로 매칭 가능","형식 정리로 매칭 가능(수량/위치/접두사/기호/공백)","material","흰살버섯 x3","Whiteflesh Mushroom x3","dlc","-123.9921875","135.637459817034"
"251","654","형식 정리로 매칭 가능","형식 정리로 매칭 가능(수량/위치/접두사/기호/공백)","material","흰살버섯 x3 - 에니르 일림","Whiteflesh Mushroom x3 - Enir-Ilim","dlc","-136.99294377301976","98.5477230365187"
"252","655","형식 정리로 매칭 가능","형식 정리로 매칭 가능(수량/위치/접두사/기호/공백)","material","흰살버섯 x4","Whiteflesh Mushroom x4","dlc","-180.59375","117.79301767025102"
"253","656","형식 정리로 매칭 가능","형식 정리로 매칭 가능(수량/위치/접두사/기호/공백)","material","흰살버섯 x4 - 벨라트 탑의 도시","Whiteflesh Mushroom x4 - Belurat Tower Settlement","dlc","-141.96875","97.9963456145238"
"254","657","형식 정리로 매칭 가능","형식 정리로 매칭 가능(수량/위치/접두사/기호/공백)","material","흰살버섯 x6 - 벨라트 탑의 도시","Whiteflesh Mushroom x6 - Belurat Tower Settlement","dlc","-141.1484375","100.12899575910558"
"255","669","형식 정리로 매칭 가능","형식 정리로 매칭 가능(수량/위치/접두사/기호/공백)","material","노란 벼락꽃 x3","Yellow Fulgurbloom x3","dlc","-159.11979162693024","124.69140625"
"256","670","형식 정리로 매칭 가능","형식 정리로 매칭 가능(수량/위치/접두사/기호/공백)","material","노란 벼락꽃 x5 - 안개 계곡 지하 묘지","Yellow Fulgurbloom x5 - Fog Rift Catacombs","dlc","-125.921875","108.62832077659478"
"257","671","형식 정리로 매칭 가능","형식 정리로 매칭 가능(수량/위치/접두사/기호/공백)","material","노란 벼락꽃 x6 - 전갈 강 지하 묘지","Yellow Fulgurbloom x6 - Scorpion River Catacombs","dlc","-125.26822912693024","100.98046875"
"258","712","형식 정리로 매칭 가능","형식 정리로 매칭 가능(수량/위치/접두사/기호/공백)","talisman","뇌룡 표식의 탈리스만 +3","Boltdrake Talisman +3","dlc","-116.984375","129.2773623137909"
"259","713","형식 정리로 매칭 가능","형식 정리로 매칭 가능(수량/위치/접두사/기호/공백)","talisman","푸른 호박 메달리온 +3 - 전갈 강 지하 묘지","Cerulean Amber Medallion +3 - Scorpion River Catacombs","dlc","-128.26041662693024","102.72265625"
"260","714","형식 정리로 매칭 가능","형식 정리로 매칭 가능(수량/위치/접두사/기호/공백)","talisman","푸른 종자의 탈리스만 +1","Cerulean Seed Talisman +1","dlc","-126.3828125","154.57459985798172"
"261","715","형식 정리로 매칭 가능","형식 정리로 매칭 가능(수량/위치/접두사/기호/공백)","talisman","이성의 뿔 장식 +2 - 한탄하는 자의 감옥","Clarifying Horn Charm +2 - Lamenter's Gaol","dlc","-160.6015625","113.01157327100024"
"262","716","형식 정리로 매칭 가능","형식 정리로 매칭 가능(수량/위치/접두사/기호/공백)","talisman","붉은 호박 메달리온 +3 - 안개 계곡 지하 묘지","Crimson Amber Medallion +3 - Fog Rift Catacombs","dlc","-128.34375","114.91048325831657"
"263","717","형식 정리로 매칭 가능","형식 정리로 매칭 가능(수량/위치/접두사/기호/공백)","talisman","붉은 종자의 탈리스만 +1","Crimson Seed Talisman +1","dlc","-162.7109375","137.08237710976593"
"264","721","형식 정리로 매칭 가능","형식 정리로 매칭 가능(수량/위치/접두사/기호/공백)","talisman","염룡 표식의 탈리스만 +3","Flamedrake Talisman +3","dlc","-146.6640625","130.79325693086736"
"265","723","형식 정리로 매칭 가능","형식 정리로 매칭 가능(수량/위치/접두사/기호/공백)","talisman","면역의 뿔 장식 +2 - 벨라트 탑의 도시","Immunizing Horn Charm +2 - Belurat Tower Settlement","dlc","-144.68229162693024","99.04296875"
"266","724","형식 정리로 매칭 가능","형식 정리로 매칭 가능(수량/위치/접두사/기호/공백)","talisman","얼룩색 목걸이 +2","Mottled Necklace +2","dlc","-124.078125","102.98913233419239"
"267","727","형식 정리로 매칭 가능","형식 정리로 매칭 가능(수량/위치/접두사/기호/공백)","talisman","진주룡 표식의 탈리스만 +3","Pearldrake Talisman +3","dlc","-116.0625","128.4177531244288"
"268","732","형식 정리로 매칭 가능","형식 정리로 매칭 가능(수량/위치/접두사/기호/공백)","talisman","마력 용 표식의 탈리스만 +3","Spelldrake Talisman +3","dlc","-137.6953125","117.17609540646134"
"269","734","형식 정리로 매칭 가능","형식 정리로 매칭 가능(수량/위치/접두사/기호/공백)","talisman","강건의 뿔 장식 +2 - 보니의 감옥","Stalwart Horn Charm +2 - Bonny Gaol","dlc","-142.3046875","133.23889671106744"
"270","741","형식 정리로 매칭 가능","형식 정리로 매칭 가능(수량/위치/접두사/기호/공백)","talisman","녹색 호박 메달리온 +3","Viridian Amber Medallion +3","dlc","-140.54999995231628","140.72531101439256"
"271","941","형식 정리로 매칭 가능","형식 정리로 매칭 가능(수량/위치/접두사/기호/공백)","weapon","옛 운철 대검 - 옛 유성의 무너진 단조장","Ancient Meteoric Ore Greatsword - Ruined Forge of Starfall Past","dlc","-139.484375","125.70736397025223"
"272","965","형식 정리로 매칭 가능","형식 정리로 매칭 가능(수량/위치/접두사/기호/공백)","weapon","에우포리에 - 에니르 일림","Euporia - Enir-Ilim","dlc","-141.90937538444996","96.49069612223073"
"273","993","추가 검토 필요","무기 번역/강화 표기 차이 또는 데이터 누락","weapon","연성 석궁","Repeating Crossbow","dlc","-140.95572912693024","128.38671875"
"274","1013","추가 검토 필요","세트 항목: 여러 방어구 중 대표 이미지 선택 필요","armor","온 지혜 세트","All-Knowing Set","extra","-106.625","116.425507"
"275","1014","추가 검토 필요","세트 항목: 여러 방어구 중 대표 이미지 선택 필요","armor","금가면 세트","Goldmask's Set","extra","-108.46","114.17"
"276","1015","형식 정리로 매칭 가능","형식 정리로 매칭 가능(수량/위치/접두사/기호/공백)","ash_of_war","전회: 황금의 땅","Ash of War: Golden Land","extra","-111.552083","126.982773"
"277","1018","추가 검토 필요","맵 전용 표식/보상 포함: E 데이터에서 동일 제목 없음","key_item","순교자의 우상: 엘데의 짐승","Effigy of the Martyr: Elden Beast","extra","-109.923","123.456"
"278","1019","추가 검토 필요","맵 전용 표식/보상 포함: E 데이터에서 동일 제목 없음","key_item","순교자의 우상: 엘데의 왕좌","Effigy of the Martyr: Elden Throne","extra","-106.344","119.884"
"279","1020","추가 검토 필요","맵 전용 표식/보상 포함: E 데이터에서 동일 제목 없음","key_item","순교자의 우상: 황금 나무 대성당","Effigy of the Martyr: Erdtree Sanctuary","extra","-107.142","115.397"
"280","1026","형식 정리로 매칭 가능","형식 정리로 매칭 가능(수량/위치/접두사/기호/공백)","talisman","황금 나무의 은총+2","Erdtree's Favor +2","extra","-103.2625","120.21665"
"281","1035","추가 검토 필요","세트 항목: 여러 방어구 중 대표 이미지 선택 필요","armor","알베리히 세트","Alberich's Set","surface","-104.679","112.965"
"282","1037","추가 검토 필요","세트 항목: 여러 방어구 중 대표 이미지 선택 필요","armor","전투 마술사 세트","Battlemage Set","surface","-77.4375","89.929814"
"283","1038","추가 검토 필요","세트 항목: 여러 방어구 중 대표 이미지 선택 필요","armor","짐승 집회 세트","Beast Champion Set","surface","-120.984375","218.353221"
"284","1040","추가 검토 필요","세트 항목: 여러 방어구 중 대표 이미지 선택 필요","armor","검은 칼날 세트","Black Knife Set","surface","-62.54","140.14"
"285","1042","추가 검토 필요","세트 항목: 여러 방어구 중 대표 이미지 선택 필요","armor","사냥개기사 세트","Bloodhound Knight Set","surface","-87.414062","72.433874"
"286","1043","추가 검토 필요","세트 항목: 여러 방어구 중 대표 이미지 선택 필요","armor","큰 산양 세트","Bull-Goat Set","surface","-104.078125","69.665502"
"287","1044","추가 검토 필요","세트 항목: 여러 방어구 중 대표 이미지 선택 필요","armor","카리아 기사 세트","Carian Knight Set","surface","-136.484375","56.395704"
"288","1049","추가 검토 필요","방어구 명칭 차이 또는 데이터 누락","armor","시민의 옷","Commoner's Simple Garb","surface","-182.00625","89.026162"
"289","1050","추가 검토 필요","세트 항목: 여러 방어구 중 대표 이미지 선택 필요","armor","왕의 반려 세트","Consort's Set","surface","-87.34844","66.57444"
"290","1052","추가 검토 필요","세트 항목: 여러 방어구 중 대표 이미지 선택 필요","armor","도가니 도끼 세트","Crucible Axe Set","surface","-96.55","120.926"
"291","1054","추가 검토 필요","세트 항목: 여러 방어구 중 대표 이미지 선택 필요","armor","용기사 세트","Drake Knight Set","surface","-119.203125","219.549662"
"292","1056","추가 검토 필요","세트 항목: 여러 방어구 중 대표 이미지 선택 필요","armor","기행 마술사 세트(투구 제외)","Errant Sorcerer Set (No Helm)","surface","-91.914062","69.698042"
"293","1057","추가 검토 필요","방어구 명칭 차이 또는 데이터 누락","armor","눈의 서코트","Eye Surcoat","surface","-87.86094","66.53088"
"294","1058","추가 검토 필요","세트 항목: 여러 방어구 중 대표 이미지 선택 필요","armor","손가락 무녀 세트","Finger Maiden Set","surface","-115.01","71.69"
"295","1059","추가 검토 필요","세트 항목: 여러 방어구 중 대표 이미지 선택 필요","armor","지문 세트","Fingerprint Set","surface","-72.3","168.62"
"296","1060","추가 검토 필요","세트 항목: 여러 방어구 중 대표 이미지 선택 필요","armor","겔미어 기사 세트","Gelmir Knight Set","surface","-87","72"
"297","1062","추가 검토 필요","세트 항목: 여러 방어구 중 대표 이미지 선택 필요","armor","신의 살갗의 사도 세트","Godskin Apostle Set","surface","-163.178125","145.807398"
"298","1063","추가 검토 필요","세트 항목: 여러 방어구 중 대표 이미지 선택 필요","armor","신의 살갗의 귀인 세트","Godskin Noble Set","surface","-142","87"
"299","1066","추가 검토 필요","방어구 명칭 차이 또는 데이터 누락","armor","야로다스의 휘석 머리","Hierodas Glintstone Crown","surface","-92.975","70.271849"
"300","1067","추가 검토 필요","세트 항목: 여러 방어구 중 대표 이미지 선택 필요","armor","호슬로 세트","Hoslow's Set","surface","-67.85625","152.680643"
"301","1080","추가 검토 필요","세트 항목: 여러 방어구 중 대표 이미지 선택 필요","armor","버섯 세트(왕관 제외)","Mushroom Set (No Crown)","surface","-85.220312","68.619916"
"302","1081","추가 검토 필요","세트 항목: 여러 방어구 중 대표 이미지 선택 필요","armor","밤 기병 세트","Night's Cavalry Set","surface","-75.7","139.1"
"303","1082","추가 검토 필요","세트 항목: 여러 방어구 중 대표 이미지 선택 필요","armor","귀인 세트","Noble's Set","surface","-75.078125","90.836225"
"304","1083","추가 검토 필요","세트 항목: 여러 방어구 중 대표 이미지 선택 필요","armor","방랑 민족 상인 세트","Nomadic Merchant's Set","surface","-100.051563","122.987291"
"305","1088","추가 검토 필요","세트 항목: 여러 방어구 중 대표 이미지 선택 필요","armor","흉조잡이 세트(투구 제외)","Omenkiller Set (No Helm)","surface","-97","64"
"306","1090","추가 검토 필요","세트 항목: 여러 방어구 중 대표 이미지 선택 필요","armor","조향사 여행 세트","Perfumer Traveler's Set","surface","-178.68","138.98"
"307","1091","추가 검토 필요","세트 항목: 여러 방어구 중 대표 이미지 선택 필요","armor","마술 교수 세트","Preceptor's Set","surface","-109.75","52.372118"
"308","1094","추가 검토 필요","세트 항목: 여러 방어구 중 대표 이미지 선택 필요","armor","종군 늑대 세트","Raging Wolf Set","surface","-104.35","113.45679"
"309","1101","추가 검토 필요","세트 항목: 여러 방어구 중 대표 이미지 선택 필요","armor","현자 세트","Sage Set","surface","-169.101562","81.50281"
"310","1102","추가 검토 필요","세트 항목: 여러 방어구 중 대표 이미지 선택 필요","armor","피의 귀족 세트","Sanguine Set","surface","-71.75","132.6"
"311","1103","추가 검토 필요","세트 항목: 여러 방어구 중 대표 이미지 선택 필요","armor","비늘 세트","Scaled Set","surface","-174.32188","98.39523"
"312","1105","추가 검토 필요","세트 항목: 여러 방어구 중 대표 이미지 선택 필요","armor","눈 마녀 세트","Snow Witch Set","surface","-101.945312","53.95069"
"313","1106","추가 검토 필요","세트 항목: 여러 방어구 중 대표 이미지 선택 필요","armor","여행 세트","Traveler's Set","surface","-36.798438","149.268446"
"314","1107","추가 검토 필요","세트 항목: 여러 방어구 중 대표 이미지 선택 필요","armor","여행 무녀 세트","Traveling Maiden Set","surface","-67.348438","150.937088"
"315","1110","추가 검토 필요","세트 항목: 여러 방어구 중 대표 이미지 선택 필요","armor","백면 갈대 세트","White Reed Set","surface","-66.673438","169.049536"
"316","1111","추가 검토 필요","세트 항목: 여러 방어구 중 대표 이미지 선택 필요","armor","자미엘 세트","Zamor Set","surface","-86.201563","148.049536"
"317","1112","형식 정리로 매칭 가능","형식 정리로 매칭 가능(수량/위치/접두사/기호/공백)","ash_of_war","전회: 야만적인 포효","Ash of War: Barbaric Roar","surface","-103.22656","72.18422"
"318","1113","형식 정리로 매칭 가능","형식 정리로 매칭 가능(수량/위치/접두사/기호/공백)","ash_of_war","전회: 연속 사격","Ash of War: Barrage","surface","-92.5125","71.53678"
"319","1114","형식 정리로 매칭 가능","형식 정리로 매칭 가능(수량/위치/접두사/기호/공백)","ash_of_war","전회: 철벽의 방패","Ash of War: Barricade Shield","surface","-214.16","115.2"
"320","1115","형식 정리로 매칭 가능","형식 정리로 매칭 가능(수량/위치/접두사/기호/공백)","ash_of_war","전회: 짐승의 포효","Ash of War: Beast's Roar","surface","-149.1375","155.247294"
"321","1116","형식 정리로 매칭 가능","형식 정리로 매칭 가능(수량/위치/접두사/기호/공백)","ash_of_war","전회: 흑염의 회오리","Ash of War: Black Flame Tornado","surface","-122.96875","216.221581"
"322","1117","형식 정리로 매칭 가능","형식 정리로 매칭 가능(수량/위치/접두사/기호/공백)","ash_of_war","전회: 피의 칼날","Ash of War: Blood Blade","surface","-98.5","79.15"
"323","1118","형식 정리로 매칭 가능","형식 정리로 매칭 가능(수량/위치/접두사/기호/공백)","ash_of_war","전회: 사냥개의 스텝","Ash of War: Bloodhound's Step","surface","-160.15","163.5928"
"324","1119","형식 정리로 매칭 가능","형식 정리로 매칭 가능(수량/위치/접두사/기호/공백)","ash_of_war","전회: 피의 참격","Ash of War: Bloody Slash","surface","-194.203125","126.477251"
"325","1120","형식 정리로 매칭 가능","형식 정리로 매칭 가능(수량/위치/접두사/기호/공백)","ash_of_war","전회: 그레이트 카리아","Ash of War: Carian Grandeur","surface","-107.071875","56.87009"
"326","1121","형식 정리로 매칭 가능","형식 정리로 매칭 가능(수량/위치/접두사/기호/공백)","ash_of_war","전회: 돌격","Ash of War: Charge Forth","surface","-144.04687","61.95639"
"327","1122","형식 정리로 매칭 가능","형식 정리로 매칭 가능(수량/위치/접두사/기호/공백)","ash_of_war","전회: 냉기 안개","Ash of War: Chilling Mist","surface","-103.89375","54.182321"
"328","1123","형식 정리로 매칭 가능","형식 정리로 매칭 가능(수량/위치/접두사/기호/공백)","ash_of_war","전회: 암석검","Ash of War: Cragblade","surface","-195.8375","148.35582"
"329","1124","형식 정리로 매칭 가능","형식 정리로 매칭 가능(수량/위치/접두사/기호/공백)","ash_of_war","전회: 디터미네이션","Ash of War: Determination","surface","-189.945312","108.340291"
"330","1125","형식 정리로 매칭 가능","형식 정리로 매칭 가능(수량/위치/접두사/기호/공백)","ash_of_war","전회: 2연속 베기","Ash of War: Double Slash","surface","-176.732812","147.208958"
"331","1126","형식 정리로 매칭 가능","형식 정리로 매칭 가능(수량/위치/접두사/기호/공백)","ash_of_war","전회: 적사자의 화염","Ash of War: Flame of the Redmanes","surface","-176.83","130.21"
"332","1127","형식 정리로 매칭 가능","형식 정리로 매칭 가능(수량/위치/접두사/기호/공백)","ash_of_war","전회: 염격","Ash of War: Flaming Strike","surface","-196.671","158.2136"
"333","1128","형식 정리로 매칭 가능","형식 정리로 매칭 가능(수량/위치/접두사/기호/공백)","ash_of_war","전회: 거인 사냥","Ash of War: Giant Hunt","surface","-115.74219","81.64517"
"334","1129","형식 정리로 매칭 가능","형식 정리로 매칭 가능(수량/위치/접두사/기호/공백)","ash_of_war","전회: 거인 사냥","Ash of War: Giant Hunt","surface","-119.42","63.73"
"335","1130","형식 정리로 매칭 가능","형식 정리로 매칭 가능(수량/위치/접두사/기호/공백)","ash_of_war","전회: 황금 패리","Ash of War: Golden Parry","surface","-95.72656","105.48087"
"336","1131","형식 정리로 매칭 가능","형식 정리로 매칭 가능(수량/위치/접두사/기호/공백)","ash_of_war","전회: 황금의 드롭 어택","Ash of War: Golden Slam","surface","-85.396615","94.507931"
"337","1132","형식 정리로 매칭 가능","형식 정리로 매칭 가능(수량/위치/접두사/기호/공백)","ash_of_war","전회: 황금 나무에 맹세코","Ash of War: Golden Vow","surface","-174.273437","104.128766"
"338","1133","형식 정리로 매칭 가능","형식 정리로 매칭 가능(수량/위치/접두사/기호/공백)","ash_of_war","전회: 그라비타스","Ash of War: Gravitas","surface","-199.203125","105.598927"
"339","1134","형식 정리로 매칭 가능","형식 정리로 매칭 가능(수량/위치/접두사/기호/공백)","ash_of_war","전회: 땅 흔들기","Ash of War: Ground Slam","surface","-190.28125","120.462541"
"340","1135","형식 정리로 매칭 가능","형식 정리로 매칭 가능(수량/위치/접두사/기호/공백)","ash_of_war","전회: 서리 밟기","Ash of War: Hoarfrost Stomp","surface","-111.587501","62.281216"
"341","1136","형식 정리로 매칭 가능","형식 정리로 매칭 가능(수량/위치/접두사/기호/공백)","ash_of_war","전회: 성역","Ash of War: Holy Ground","surface","-96.13281","119.63718"
"342","1137","형식 정리로 매칭 가능","형식 정리로 매칭 가능(수량/위치/접두사/기호/공백)","ash_of_war","전회: 얼음창","Ash of War: Ice Spear","surface","-151.154687","78.237202"
"343","1138","형식 정리로 매칭 가능","형식 정리로 매칭 가능(수량/위치/접두사/기호/공백)","ash_of_war","전회: 명탈권","Ash of War: Lifesteal Fist","surface","-180.215625","135.245995"
"344","1139","형식 정리로 매칭 가능","형식 정리로 매칭 가능(수량/위치/접두사/기호/공백)","ash_of_war","전회: 벼락 양","Ash of War: Lightning Ram","surface","-97.37188","91.11442"
"345","1140","형식 정리로 매칭 가능","형식 정리로 매칭 가능(수량/위치/접두사/기호/공백)","ash_of_war","전회: 낙뢰","Ash of War: Lightning Slash","surface","-86.171875","105.072635"
"346","1141","형식 정리로 매칭 가능","형식 정리로 매칭 가능(수량/위치/접두사/기호/공백)","ash_of_war","전회: 사자 베기","Ash of War: Lion's Claw","surface","-182.714062","129.69193"
"347","1142","형식 정리로 매칭 가능","형식 정리로 매칭 가능(수량/위치/접두사/기호/공백)","ash_of_war","전회: 로레타의 참격","Ash of War: Loretta's Slash","surface","-103.696875","57.255551"
"348","1143","형식 정리로 매칭 가능","형식 정리로 매칭 가능(수량/위치/접두사/기호/공백)","ash_of_war","전회: 강화 사격","Ash of War: Mighty Shot","surface","-213.31875","114.646254"
"349","1144","추가 검토 필요","전회 명칭 차이 또는 데이터 누락","ash_of_war","전회: 환영의 창","Ash of War: Phantom Slash","surface","-100.1","135.05"
"350","1145","추가 검토 필요","전회 명칭 차이 또는 데이터 누락","ash_of_war","전회: 독나방은 두 번 춤춘다","Ash of War: Poison Moth Flight","surface","-185.3","142.416829"
"351","1146","형식 정리로 매칭 가능","형식 정리로 매칭 가능(수량/위치/접두사/기호/공백)","ash_of_war","전회: 독 안개","Ash of War: Poisonous Mist","surface","-183.89062","140.1906"
"352","1147","형식 정리로 매칭 가능","형식 정리로 매칭 가능(수량/위치/접두사/기호/공백)","ash_of_war","전회: 기도의 일격","Ash of War: Prayerful Strike","surface","-101.6","105"
"353","1148","추가 검토 필요","전회 명칭 차이 또는 데이터 누락","ash_of_war","전회: 애로우 레인","Ash of War: Rain of Arrows","surface","-167.703","159.029"
"354","1149","형식 정리로 매칭 가능","형식 정리로 매칭 가능(수량/위치/접두사/기호/공백)","ash_of_war","전회: 안개의 맹금","Ash of War: Raptor of the Mists","surface","-130.69531","56.870444"
"355","1150","형식 정리로 매칭 가능","형식 정리로 매칭 가능(수량/위치/접두사/기호/공백)","ash_of_war","전회: 연속 찌르기","Ash of War: Repeating Thrust","surface","-189.04","109.04"
"356","1151","형식 정리로 매칭 가능","형식 정리로 매칭 가능(수량/위치/접두사/기호/공백)","ash_of_war","전회: 도읍 기사의 결의","Ash of War: Royal Knight's Resolve","surface","-86.148437","63.746416"
"357","1152","형식 정리로 매칭 가능","형식 정리로 매칭 가능(수량/위치/접두사/기호/공백)","ash_of_war","전회: 신성한 칼날","Ash of War: Sacred Blade","surface","-176.453125","121.682047"
"358","1153","형식 정리로 매칭 가능","형식 정리로 매칭 가능(수량/위치/접두사/기호/공백)","ash_of_war","전회: 성률","Ash of War: Sacred Order","surface","-99.0625","66.00918"
"359","1154","형식 정리로 매칭 가능","형식 정리로 매칭 가능(수량/위치/접두사/기호/공백)","ash_of_war","전회: 성스러운 빛고리","Ash of War: Sacred Ring of Light","surface","-181.78125","144.58705"
"360","1155","형식 정리로 매칭 가능","형식 정리로 매칭 가능(수량/위치/접두사/기호/공백)","ash_of_war","전회: 할복","Ash of War: Seppuku","surface","-61.77344","169.33228"
"361","1156","형식 정리로 매칭 가능","형식 정리로 매칭 가능(수량/위치/접두사/기호/공백)","ash_of_war","전회: 성률 공유","Ash of War: Shared Order","surface","-103.42","83.4001"
"362","1157","형식 정리로 매칭 가능","형식 정리로 매칭 가능(수량/위치/접두사/기호/공백)","ash_of_war","전회: 방패 공격","Ash of War: Shield Bash","surface","-128","58"
"363","1158","형식 정리로 매칭 가능","형식 정리로 매칭 가능(수량/위치/접두사/기호/공백)","ash_of_war","전회: 돌격 강타","Ash of War: Shield Crash","surface","-101.21","75.92"
"364","1159","형식 정리로 매칭 가능","형식 정리로 매칭 가능(수량/위치/접두사/기호/공백)","ash_of_war","전회: 허공에 쏘기","Ash of War: Sky Shot","surface","-164.320312","135.432643"
"365","1160","형식 정리로 매칭 가능","형식 정리로 매칭 가능(수량/위치/접두사/기호/공백)","ash_of_war","전회: 환영창","Ash of War: Spectral Lance","surface","-135.28","56.908"
"366","1161","형식 정리로 매칭 가능","형식 정리로 매칭 가능(수량/위치/접두사/기호/공백)","ash_of_war","전회: 파고들어 회전 베기","Ash of War: Stamp (Sweep)","surface","-188.90625","92.883315"
"367","1162","형식 정리로 매칭 가능","형식 정리로 매칭 가능(수량/위치/접두사/기호/공백)","ash_of_war","전회: 폭풍의 습격","Ash of War: Storm Assault","surface","-174.53","84.0201"
"368","1163","형식 정리로 매칭 가능","형식 정리로 매칭 가능(수량/위치/접두사/기호/공백)","ash_of_war","전회: 남각","Ash of War: Storm Stomp","surface","-187.632812","102.246541"
"369","1164","형식 정리로 매칭 가능","형식 정리로 매칭 가능(수량/위치/접두사/기호/공백)","ash_of_war","전회: 폭풍의 벽","Ash of War: Storm Wall","surface","-174.875","89.949392"
"370","1165","형식 정리로 매칭 가능","형식 정리로 매칭 가능(수량/위치/접두사/기호/공백)","ash_of_war","전회: 폭풍 부르기","Ash of War: Stormcaller","surface","-175.396874","86.133464"
"371","1166","형식 정리로 매칭 가능","형식 정리로 매칭 가능(수량/위치/접두사/기호/공백)","ash_of_war","전회: 검무","Ash of War: Sword Dance","surface","-148.32","44.49631"
"372","1167","형식 정리로 매칭 가능","형식 정리로 매칭 가능(수량/위치/접두사/기호/공백)","ash_of_war","전회: 토푸스의 역장","Ash of War: Thops's Barrier","surface","-138.390625","47.302565"
"373","1168","형식 정리로 매칭 가능","형식 정리로 매칭 가능(수량/위치/접두사/기호/공백)","ash_of_war","전회: 토푸스의 역장 - 이리스 교회","Ash of War: Thops's Barrier - Church of Irith","surface","-173.09375","82.152143"
"374","1169","형식 정리로 매칭 가능","형식 정리로 매칭 가능(수량/위치/접두사/기호/공백)","ash_of_war","전회: 관통 사격","Ash of War: Through and Through","surface","-82.44","61.12"
"375","1170","형식 정리로 매칭 가능","형식 정리로 매칭 가능(수량/위치/접두사/기호/공백)","ash_of_war","전회: 트롤의 포효","Ash of War: Troll's Roar","surface","-91.304","156.7074"
"376","1171","형식 정리로 매칭 가능","형식 정리로 매칭 가능(수량/위치/접두사/기호/공백)","ash_of_war","전회: 거합","Ash of War: Unsheathe","surface","-197.421875","111.645339"
"377","1172","형식 정리로 매칭 가능","형식 정리로 매칭 가능(수량/위치/접두사/기호/공백)","ash_of_war","전회: 무적","Ash of War: Vow of the Indomitable","surface","-158.807812","59.899504"
"378","1173","형식 정리로 매칭 가능","형식 정리로 매칭 가능(수량/위치/접두사/기호/공백)","ash_of_war","전회: 난격","Ash of War: Wild Strikes","surface","-178.828125","92.980073"
"379","1189","형식 정리로 매칭 가능","형식 정리로 매칭 가능(수량/위치/접두사/기호/공백)","consumable","결정 투척 화살 x4","Crystal Dart x4","surface","-69.92656","132.34091"
"380","1205","형식 정리로 매칭 가능","형식 정리로 매칭 가능(수량/위치/접두사/기호/공백)","consumable","용의 심장 x3","Dragon Heart x3","surface","-156.82812","54.48754"
"381","1224","추가 검토 필요","묶음 수량 제거 후에도 동일 데이터 없음","consumable","불화살 - 1x Stormhill Warmaster Shack","Fire Arrow - 1x Stormhill Warmaster Shack ","surface","-179.63","98.75"
"382","1227","형식 정리로 매칭 가능","형식 정리로 매칭 가능(수량/위치/접두사/기호/공백)","consumable","불기름 x3 - Stormveil Castle","Fire Grease -x3 - Stormveil Castle","surface","-182.55","90.012"
"383","1241","추가 검토 필요","묶음 수량 제거 후에도 동일 데이터 없음","consumable","황금의 룬","Golden Rune","surface","-91.18125","70.018209"
"384","1429","추가 검토 필요","묶음 수량 제거 후에도 동일 데이터 없음","consumable","축복의 물방울","Grace Mimic (B)","surface","-90","110.2"
"385","1434","추가 검토 필요","묶음 수량 제거 후에도 동일 데이터 없음","consumable","영웅의 룬 [1]","Hero's Rune (1)","surface","-105.6","112.59"
"386","1435","추가 검토 필요","묶음 수량 제거 후에도 동일 데이터 없음","consumable","영웅의 룬 [1]","Hero's Rune (1) A","surface","-66.015625","168.738305"
"387","1441","추가 검토 필요","묶음 수량 제거 후에도 동일 데이터 없음","consumable","영웅의 룬 [1]","Hero's Rune [1] - Hidden Path to the Haligtree","surface","-84.289062","141.018497"
"388","1473","형식 정리로 매칭 가능","형식 정리로 매칭 가능(수량/위치/접두사/기호/공백)","consumable","거북 목 절임 x1 - Castle Morne","Pickled Turtle Neck (B) x1 - Castle Morne","surface","-227.78438","106.9578"
"389","1475","형식 정리로 매칭 가능","형식 정리로 매칭 가능(수량/위치/접두사/기호/공백)","consumable","거북 목 절임 x3 - Weeping Peninsula","Pickled Turtle Neck x3 - Weeping Peninsula","surface","-207.61719","112.33256"
"390","1478","추가 검토 필요","묶음 수량 제거 후에도 동일 데이터 없음","consumable","독 투척 뼈화살","Poisonbone Dart (A)","surface","-212.59531","99.44772"
"391","1486","추가 검토 필요","묶음 수량 제거 후에도 동일 데이터 없음","consumable","회춘의 환약","Rejuvenating Boluses (B)","surface","-131.640625","214.644829"
"392","1519","추가 검토 필요","묶음 수량 제거 후에도 동일 데이터 없음","consumable","부드러운 면","Soft Cotton B","surface","-72.3875","156.977326"
"393","1525","추가 검토 필요","묶음 수량 제거 후에도 동일 데이터 없음","consumable","영혼 불 화살 - 15x Elphael, Brace of the Haligtree","Spiritflame Arrow - 15x Elphael, Brace of the Haligtree","surface","-35.121875","148.154407"
"394","1541","형식 정리로 매칭 가능","형식 정리로 매칭 가능(수량/위치/접두사/기호/공백)","consumable","동상 이끼약 x2","Thawfrost Boluses x2","surface","-68.92344","131.42688"
"395","1542","형식 정리로 매칭 가능","형식 정리로 매칭 가능(수량/위치/접두사/기호/공백)","consumable","투척 단검 x8 - Castle Morne","Throwing Dagger x8 - Castle Morne","surface","-229.57969","106.50453"
"396","1549","형식 정리로 매칭 가능","형식 정리로 매칭 가능(수량/위치/접두사/기호/공백)","consumable","따스함의 돌 x4","Warming Stone x4","surface","-66.54375","147.14504"
"397","1560","추가 검토 필요","결정 물방울 번역 차이 또는 데이터 누락","flask_upgrade","넘치는 붉은 결정 물방울","Crimsonspill Crystal Tear","surface","-86.176562","91.74612"
"398","1562","추가 검토 필요","결정 물방울 번역 차이 또는 데이터 누락","flask_upgrade","기량 혹 결정 물방울","Dexterity-knot Crystal Tear","surface","-154.046875","63.677607"
"399","1563","추가 검토 필요","결정 물방울 번역 차이 또는 데이터 누락","flask_upgrade","신앙 혹 결정 물방울","Faith-knot Crystal Tear","surface","-205.26094","108.12919"
"400","1564","추가 검토 필요","결정 물방울 번역 차이 또는 데이터 누락","flask_upgrade","화염 두른 깨진 물방울","Flame-Shrouding Cracked Tear","surface","-166.995312","129.17451"
"401","1598","추가 검토 필요","결정 물방울 번역 차이 또는 데이터 누락","flask_upgrade","넘치는 초록 결정 물방울","Greenspill Crystal Tear","surface","-189.09375","122.494002"
"402","1600","추가 검토 필요","결정 물방울 번역 차이 또는 데이터 누락","flask_upgrade","지력 혹 결정 물방울","Intelligence-knot Crystal Tear","surface","-112.1328","54.722"
"403","1622","추가 검토 필요","결정 물방울 번역 차이 또는 데이터 누락","flask_upgrade","돌가시 깨진 물방울","Stonebarb Cracked Tear","surface","-167.28125","155.70632"
"404","1623","추가 검토 필요","결정 물방울 번역 차이 또는 데이터 누락","flask_upgrade","근력 혹 결정 물방울","Strength-Knot Crystal Tear","surface","-177.40625","98.775087"
"405","1624","추가 검토 필요","결정 물방울 번역 차이 또는 데이터 누락","flask_upgrade","나뭇가지 깨진 물방울","Twiggy Cracked Tear","surface","-88.578125","114.556738"
"406","1644","추가 검토 필요","맵 전용 표식/보상 포함: E 데이터에서 동일 제목 없음","key_item","영웅의 노래 그림","Champion's Song Painting","surface","-81.78906","83.3516"
"407","1645","추가 검토 필요","맵 전용 표식/보상 포함: E 데이터에서 동일 제목 없음","key_item","케로네의 마술사탑 거북이 표식 1","Chelona's Rise Turtle Marker 1","surface","-168.382813","44.289076"
"408","1646","추가 검토 필요","맵 전용 표식/보상 포함: E 데이터에서 동일 제목 없음","key_item","케로네의 마술사탑 거북이 표식 2","Chelona's Rise Turtle Marker 2","surface","-165.175","59.499918"
"409","1647","추가 검토 필요","맵 전용 표식/보상 포함: E 데이터에서 동일 제목 없음","key_item","케로네의 마술사탑 거북이 표식 3","Chelona's Rise Turtle Marker 3","surface","-156.337499","46.182232"
"410","1662","추가 검토 필요","맵 전용 표식/보상 포함: E 데이터에서 동일 제목 없음","key_item","덱타스의 부절(좌)","Dectus Medallion (Left)","surface","-194.921875","126.07481"
"411","1663","추가 검토 필요","맵 전용 표식/보상 포함: E 데이터에서 동일 제목 없음","key_item","덱타스의 부절(우)","Dectus Medallion (Right)","surface","-172.609375","156.301929"
"412","1664","추가 검토 필요","맵 전용 표식/보상 포함: E 데이터에서 동일 제목 없음","key_item","선잠","Dozing Cross-Legged","surface","-179.367187","87.004378"
"413","1671","추가 검토 필요","맵 전용 표식/보상 포함: E 데이터에서 동일 제목 없음","key_item","손가락 끊기 칼","Finger Severer","surface","-195.671875","100.963762"
"414","1672","추가 검토 필요","맵 전용 표식/보상 포함: E 데이터에서 동일 제목 없음","key_item","손가락 자국 포도","Fingerprint Grape","surface","-116.40625","72.137323"
"415","1675","추가 검토 필요","맵 전용 표식/보상 포함: E 데이터에서 동일 제목 없음","key_item","날지 못하는 새 그림","Flightless Bird Painting","surface","-103.890625","112.599511"
"416","1688","추가 검토 필요","맵 전용 표식/보상 포함: E 데이터에서 동일 제목 없음","key_item","갈고리 부르는 손가락약","Furlcalling Finger Remedy A","surface","-173.46875","99.675821"
"417","1689","추가 검토 필요","맵 전용 표식/보상 포함: E 데이터에서 동일 제목 없음","key_item","갈고리 부르는 손가락약","Furlcalling Finger Remedy C","surface","-170.65625","124.164723"
"418","1690","추가 검토 필요","맵 전용 표식/보상 포함: E 데이터에서 동일 제목 없음","key_item","갈고리 부르는 손가락약","Furlcalling Finger Remedy D","surface","-115.929687","71.531852"
"419","1691","추가 검토 필요","맵 전용 표식/보상 포함: E 데이터에서 동일 제목 없음","key_item","갈고리 부르는 손가락약","Furlcalling Finger Remedy E","surface","-139.179687","56.206009"
"420","1692","추가 검토 필요","맵 전용 표식/보상 포함: E 데이터에서 동일 제목 없음","key_item","갈고리 부르는 손가락약","Furlcalling Finger Remedy F","surface","-135.65625","59.197738"
"421","1693","추가 검토 필요","맵 전용 표식/보상 포함: E 데이터에서 동일 제목 없음","key_item","갈고리 부르는 손가락약","Furlcalling Finger Remedy G","surface","-97.33","120.58"
"422","1694","추가 검토 필요","맵 전용 표식/보상 포함: E 데이터에서 동일 제목 없음","key_item","갈고리 부르는 손가락약","Furlcalling Finger Remedy H","surface","-213.50469","99.92418"
"423","1695","추가 검토 필요","맵 전용 표식/보상 포함: E 데이터에서 동일 제목 없음","key_item","갈고리 부르는 손가락약","Furlcalling Finger Remedy I","surface","-59.867188","157.899361"
"424","1696","추가 검토 필요","맵 전용 표식/보상 포함: E 데이터에서 동일 제목 없음","key_item","갈고리 부르는 손가락약 - Highroad Cave","Furlcalling Finger Remedy J - Highroad Cave ","surface","-173.410937","108.012393"
"425","1697","추가 검토 필요","맵 전용 표식/보상 포함: E 데이터에서 동일 제목 없음","key_item","영혼 묘 은방울꽃 채취자의 방울 [3]","Ghost-Glovewort Picker's Bell Bearing (3)","surface","-34.725","149.198113"
"426","1706","추가 검토 필요","맵 전용 표식/보상 포함: E 데이터에서 동일 제목 없음","key_item","휘석 숫돌 칼날","Glintstone Whetblade","surface","-137.03125","57.743758"
"427","1707","추가 검토 필요","맵 전용 표식/보상 포함: E 데이터에서 동일 제목 없음","key_item","묘 은방울꽃 채취자의 방울 [1]","Glovewort Picker's Bell Bearing (1)","surface","-91.882812","73.54563"
"428","1708","추가 검토 필요","맵 전용 표식/보상 포함: E 데이터에서 동일 제목 없음","key_item","묘 은방울꽃 채취자의 방울 [3]","Glovewort Picker's Bell Bearing (3)","surface","-132.609375","214.80106"
"429","1710","추가 검토 필요","맵 전용 표식/보상 포함: E 데이터에서 동일 제목 없음","key_item","금 바늘","Gold Sewing Needle","surface","-132.40625","67.884738"
"430","1712","추가 검토 필요","맵 전용 표식/보상 포함: E 데이터에서 동일 제목 없음","key_item","황금 재봉 도구","Golden Tailoring Tools","surface","-131.5","67.66595"
"431","1713","추가 검토 필요","맵 전용 표식/보상 포함: E 데이터에서 동일 제목 없음","key_item","고스토크의 방울","Gostoc's Bell Bearing","surface","-182.117187","89.293605"
"432","1714","추가 검토 필요","맵 전용 표식/보상 포함: E 데이터에서 동일 제목 없음","key_item","중력석 장사의 방울","Gravity Stone Peddler's Bell Bearing","surface","-164.190625","136.369853"
"433","1716","추가 검토 필요","맵 전용 표식/보상 포함: E 데이터에서 동일 제목 없음","key_item","성수의 비부절(좌)","Haligtree Secret Medallion (Left)","surface","-57.65625","158.39342"
"434","1717","추가 검토 필요","맵 전용 표식/보상 포함: E 데이터에서 동일 제목 없음","key_item","성수의 비부절(우)","Haligtree Secret Medallion (Right)","surface","-160.182812","53.549318"
"435","1718","추가 검토 필요","맵 전용 표식/보상 포함: E 데이터에서 동일 제목 없음","key_item","귀소 그림","Homecoming Painting","surface","-181.007812","113.957838"
"436","1722","추가 검토 필요","맵 전용 표식/보상 포함: E 데이터에서 동일 제목 없음","key_item","철 숫돌 칼날","Iron Whetblade","surface","-178.875","86.305276"
"437","1729","추가 검토 필요","맵 전용 표식/보상 포함: E 데이터에서 동일 제목 없음","key_item","화산관에서 온 편지","Letter from Volcano Manor","surface","-88.085937","64.17401"
"438","1730","추가 검토 필요","맵 전용 표식/보상 포함: E 데이터에서 동일 제목 없음","key_item","베르나르에게 보내는 편지","Letter to Bernahl","surface","-88.429687","64.879556"
"439","1731","추가 검토 필요","맵 전용 표식/보상 포함: E 데이터에서 동일 제목 없음","key_item","패치에게 보내는 편지","Letter to Patches","surface","-86.745312","64.499259"
"440","1734","추가 검토 필요","맵 전용 표식/보상 포함: E 데이터에서 동일 제목 없음","key_item","고기 장사의 방울","Meat Peddler's Bell Bearing","surface","-130.542187","69.004289"
"441","1735","추가 검토 필요","맵 전용 표식/보상 포함: E 데이터에서 동일 제목 없음","key_item","약 장사의 방울","Medicine Peddler's Bell Bearing","surface","-89.296","108.02"
"442","1769","추가 검토 필요","맵 전용 표식/보상 포함: E 데이터에서 동일 제목 없음","key_item","피디의 방울","Pidia's Bell Bearing","surface","-107","55"
"443","1772","추가 검토 필요","맵 전용 표식/보상 포함: E 데이터에서 동일 제목 없음","key_item","말하는 머리 ""시작하자""","Prattling Pate (Let's get to it) ","surface","-95.523437","89.269543"
"444","1773","추가 검토 필요","맵 전용 표식/보상 포함: E 데이터에서 동일 제목 없음","key_item","말하는 머리 ""내 사랑""","Prattling Pate (My Beloved)","surface","-48.609375","146.665146"
"445","1774","추가 검토 필요","맵 전용 표식/보상 포함: E 데이터에서 동일 제목 없음","key_item","말하는 머리 ""도와줘""","Prattling Pate (Please Help)","surface","-208.882812","118.668282"
"446","1776","추가 검토 필요","맵 전용 표식/보상 포함: E 데이터에서 동일 제목 없음","key_item","말하는 머리 ""대단해""","Prattling Pate (Wonderful)","surface","-161.914062","83.574537"
"447","1778","추가 검토 필요","맵 전용 표식/보상 포함: E 데이터에서 동일 제목 없음","key_item","예언 그림","Prophecy Painting","surface","-177.1625","85.339626"
"448","1780","추가 검토 필요","맵 전용 표식/보상 포함: E 데이터에서 동일 제목 없음","key_item","배율자의 손가락","Recusant Finger","surface","-88.429687","64.385087"
"449","1781","추가 검토 필요","맵 전용 표식/보상 포함: E 데이터에서 동일 제목 없음","key_item","붉은 편지","Red Letter","surface","-87.77344","64.20698"
"450","1782","추가 검토 필요","맵 전용 표식/보상 포함: E 데이터에서 동일 제목 없음","key_item","붉은 숫돌 칼날","Red-Hot Whetblade","surface","-194","157"
"451","1783","추가 검토 필요","맵 전용 표식/보상 포함: E 데이터에서 동일 제목 없음","key_item","붉은 사자 그림","Redmane Painting","surface","-177.45","147.935372"
"452","1790","추가 검토 필요","맵 전용 표식/보상 포함: E 데이터에서 동일 제목 없음","key_item","재탄 그림","Resurrection Painting","surface","-140.914062","79.059176"
"453","1797","추가 검토 필요","맵 전용 표식/보상 포함: E 데이터에서 동일 제목 없음","key_item","신성 숫돌 칼날","Sanctified Whetblade","surface","-105.492","113.16808"
"454","1798","추가 검토 필요","맵 전용 표식/보상 포함: E 데이터에서 동일 제목 없음","key_item","온상 저주 - East Leyndell, Royal Capital","Seedbed Curse - East Leyndell, Royal Capital","surface","-102.6","118.73"
"455","1799","추가 검토 필요","맵 전용 표식/보상 포함: E 데이터에서 동일 제목 없음","key_item","온상 저주 - Volcano Manor","Seedbed Curse - Volcano Manor","surface","-87.515625","62.472318"
"456","1800","추가 검토 필요","맵 전용 표식/보상 포함: E 데이터에서 동일 제목 없음","key_item","온상 저주 - West Leyndell, Royal Capital","Seedbed Curse - West Leyndell, Royal Capital","surface","-103.828125","113.542772"
"457","1801","추가 검토 필요","맵 전용 표식/보상 포함: E 데이터에서 동일 제목 없음","key_item","셀브스의 방울","Seluvis's Bell Bearing","surface","-109.296875","52.29408"
"458","1811","추가 검토 필요","맵 전용 표식/보상 포함: E 데이터에서 동일 제목 없음","key_item","단석 채석꾼의 방울 [1]","Smithing-Stone Miner's Bell Bearing (1)","surface","-124.310938","66.566923"
"459","1812","추가 검토 필요","맵 전용 표식/보상 포함: E 데이터에서 동일 제목 없음","key_item","단석 채석꾼의 방울 [2]","Smithing-Stone Miner's Bell Bearing (2)","surface","-105.515625","104.77761"
"460","1813","추가 검토 필요","맵 전용 표식/보상 포함: E 데이터에서 동일 제목 없음","key_item","단석 채석꾼의 방울 [4]","Smithing-Stone Miner's Bell Bearing (4)","surface","-123.796875","216.721478"
"461","1814","추가 검토 필요","맵 전용 표식/보상 포함: E 데이터에서 동일 제목 없음","key_item","단석 채석꾼의 방울 [3]","Smithing-Stone Miner's Bell Bearing [3]","surface","-89.589063","146.180677"
"462","1815","추가 검토 필요","맵 전용 표식/보상 포함: E 데이터에서 동일 제목 없음","key_item","색 잃은 채석꾼의 방울 [1]","Somberstone Miner's Bell Bearing (1)","surface","-171.078125","145.606806"
"463","1816","추가 검토 필요","맵 전용 표식/보상 포함: E 데이터에서 동일 제목 없음","key_item","색 잃은 채석꾼의 방울 [2]","Somberstone Miner's Bell Bearing (2)","surface","-93.28","91.6"
"464","1817","추가 검토 필요","맵 전용 표식/보상 포함: E 데이터에서 동일 제목 없음","key_item","색 잃은 채석꾼의 방울 [3]","Somberstone Miner's Bell Bearing (3)","surface","-73.2","174.55"
"465","1818","추가 검토 필요","맵 전용 표식/보상 포함: E 데이터에서 동일 제목 없음","key_item","색 잃은 채석꾼의 방울 [4]","Somberstone Miner's Bell Bearing (4)","surface","-127.25","214"
"466","1819","추가 검토 필요","맵 전용 표식/보상 포함: E 데이터에서 동일 제목 없음","key_item","색 잃은 채석꾼의 방울 [5]","Somberstone Miner's Bell Bearing (5)","surface","-122.5","218.424622"
"467","1820","추가 검토 필요","맵 전용 표식/보상 포함: E 데이터에서 동일 제목 없음","key_item","마술사 그림","Sorcerer Painting","surface","-60.304687","156.690235"
"468","1870","추가 검토 필요","맵 전용 표식/보상 포함: E 데이터에서 동일 제목 없음","key_item","부적 주머니","Talisman Pouch (Godfrey)","surface","-106.929687","117.475379"
"469","1872","추가 검토 필요","맵 전용 표식/보상 포함: E 데이터에서 동일 제목 없음","key_item","폭풍 매의 옛 왕","The Stormhawk King","surface","-181.26875","78.205959"
"470","1873","추가 검토 필요","맵 전용 표식/보상 포함: E 데이터에서 동일 제목 없음","key_item","토푸스의 방울","Thops's Bell Bearing","surface","-137.554687","58.442722"
"471","1874","추가 검토 필요","맵 전용 표식/보상 포함: E 데이터에서 동일 제목 없음","key_item","승리의 환희","Triumphant Delight","surface","-176.451563","107.596117"
"472","1879","추가 검토 필요","지도 조각: E 데이터에서 동일 제목 없음","map_fragment","지도 조각: 알터 고원","Map (Altus Plateau)","surface","-96.128125","85.640468"
"473","1880","추가 검토 필요","지도 조각: E 데이터에서 동일 제목 없음","map_fragment","지도 조각: 케일리드","Map (Caelid)","surface","-188.160938","142.176284"
"474","1881","추가 검토 필요","지도 조각: E 데이터에서 동일 제목 없음","map_fragment","지도 조각: 구별된 설원","Map (Consecrated Snowfield)","surface","-69.22","141.14"
"475","1882","추가 검토 필요","지도 조각: E 데이터에서 동일 제목 없음","map_fragment","지도 조각: 용총","Map (Dragonbarrow)","surface","-167.743752","143.740952"
"476","1883","추가 검토 필요","지도 조각: E 데이터에서 동일 제목 없음","map_fragment","지도 조각: 도읍 로데일","Map (Leyndell, Royal Capital)","surface","-101.590625","100.177386"
"477","1884","추가 검토 필요","지도 조각: E 데이터에서 동일 제목 없음","map_fragment","지도 조각: 림그레이브 동부","Map (Limgrave, East)","surface","-187.692472","119.932529"
"478","1885","추가 검토 필요","지도 조각: E 데이터에서 동일 제목 없음","map_fragment","지도 조각: 림그레이브 서부","Map (Limgrave, West)","surface","-185.390625","103.055824"
"479","1886","추가 검토 필요","지도 조각: E 데이터에서 동일 제목 없음","map_fragment","지도 조각: 리에니에 동부","Map (Liurnia, East)","surface","-163.5","77.1"
"480","1887","추가 검토 필요","지도 조각: E 데이터에서 동일 제목 없음","map_fragment","지도 조각: 리에니에 서부","Map (Liurnia, West)","surface","-118.3625","50.685469"
"481","1888","추가 검토 필요","지도 조각: E 데이터에서 동일 제목 없음","map_fragment","지도 조각: 거인들의 산령 동부","Map (Mountaintops of The Giants, East)","surface","-81.15","161.58"
"482","1889","추가 검토 필요","지도 조각: E 데이터에서 동일 제목 없음","map_fragment","지도 조각: 겔미어 화산","Map (Mt. Gelmir)","surface","-84.7","62.1"
"483","1890","추가 검토 필요","지도 조각: E 데이터에서 동일 제목 없음","map_fragment","지도 조각: 흐느낌의 반도","Map (Weeping Peninsula)","surface","-219.31","113"
"484","1891","추가 검토 필요","지도 조각: E 데이터에서 동일 제목 없음","map_fragment","지도 조각: 거인들의 산령 서부","Map Mountaintops of the Giants, West","surface","-86.84548","145.74058"
"485","1892","추가 검토 필요","지도 조각: E 데이터에서 동일 제목 없음","map_fragment","지도 조각: 리에니에 북부","Map: Liurnia, North","surface","-147.259943","69.593751"
"486","1893","추가 검토 필요","지도 조각: E 데이터에서 동일 제목 없음","map_fragment","만남의 장소 지도","Meeting Place Map","surface","-138.685369","59.759944"
"487","1894","추가 검토 필요","소재 명칭 차이 또는 데이터 누락","material","불타는 나비 x2","2x Smoldering Butterfly","surface","-134.769965","75.077282"
"488","1895","형식 정리로 매칭 가능","형식 정리로 매칭 가능(수량/위치/접두사/기호/공백)","material","신전석 x3","3x Sanctuary Stone","surface","-222.625","112.785418"
"489","1896","형식 정리로 매칭 가능","형식 정리로 매칭 가능(수량/위치/접두사/기호/공백)","material","트리나의 수련 x3","3x Trina's Lily","surface","-205.95312","106.22286"
"490","1897","형식 정리로 매칭 가능","형식 정리로 매칭 가능(수량/위치/접두사/기호/공백)","material","아르테리아의 잎 x4","4x Arteria Leaf (B)","surface","-212.65625","109.658474"
"491","1898","형식 정리로 매칭 가능","형식 정리로 매칭 가능(수량/위치/접두사/기호/공백)","material","휘석 반딧불 x4","4x Glintstone Firefly","surface","-141.515625","61.00445"
"492","1948","추가 검토 필요","소재 명칭 차이 또는 데이터 누락","material","개미돌","Formic Rock A","surface","-72.33125","158.366365"
"493","1952","형식 정리로 매칭 가능","형식 정리로 매칭 가능(수량/위치/접두사/기호/공백)","material","휘석 반딧불 x3","Glintstone Firefly x3","surface","-172.190885","140.493819"
"494","1957","추가 검토 필요","소재 명칭 차이 또는 데이터 누락","material","금빛 반딧불 x2","Gold Firefly x2","surface","-80.19531","83.08095"
"495","1967","형식 정리로 매칭 가능","형식 정리로 매칭 가능(수량/위치/접두사/기호/공백)","material","굵은 짐승 뼈 x4","Hefty Beast Bone x4","surface","-80.296875","81.634089"
"496","1969","추가 검토 필요","소재 명칭 차이 또는 데이터 누락","material","문어 알","Land Octopus Ovary B","surface","-97.42","97.73"
"497","2001","추가 검토 필요","소재 명칭 차이 또는 데이터 누락","material","낡은 이빨","Old Fang C","surface","-130.05","220.9"
"498","2002","추가 검토 필요","소재 명칭 차이 또는 데이터 누락","material","낡은 이빨","Old Fang D","surface","-227.121875","106.6902"
"499","2003","추가 검토 필요","소재 명칭 차이 또는 데이터 누락","material","낡은 이빨","Old Fang E","surface","-122.6625","214.776154"
"500","2024","추가 검토 필요","소재 명칭 차이 또는 데이터 누락","material","불타는 나비","Smoldering Butterfly (B)","surface","-106.398437","106.957023"
"501","2025","추가 검토 필요","소재 명칭 차이 또는 데이터 누락","material","불타는 나비","Smoldering Butterfly (C)","surface","-73.910938","161.120565"
"502","2064","형식 정리로 매칭 가능","형식 정리로 매칭 가능(수량/위치/접두사/기호/공백)","material","빛바랜 금륜초 x10","x10 Tarnished Golden Sunflower","surface","-212.59375","105.91106"
"503","2065","형식 정리로 매칭 가능","형식 정리로 매칭 가능(수량/위치/접두사/기호/공백)","material","트리나의 수련 x2","x2 Trina's Lily","surface","-148.4969","66.43316"
"504","2066","형식 정리로 매칭 가능","형식 정리로 매칭 가능(수량/위치/접두사/기호/공백)","material","트리나의 수련 x3 - Temple Quarter","x3 Trina's Lily - Temple Quarter","surface","-142.97656","51.05704"
"505","2067","형식 정리로 매칭 가능","형식 정리로 매칭 가능(수량/위치/접두사/기호/공백)","material","아르테리아의 잎 x4","x4 Arteria Leaf","surface","-173.86719","132.93454"
"506","2068","형식 정리로 매칭 가능","형식 정리로 매칭 가능(수량/위치/접두사/기호/공백)","material","아르테리아의 잎 x4","x4 Arteria Leaf","surface","-213.88281","111.91264"
"507","2069","형식 정리로 매칭 가능","형식 정리로 매칭 가능(수량/위치/접두사/기호/공백)","material","아르테리아의 잎 x4","x4 Arteria Leaf","surface","-214.6871","111.74074"
"508","2070","형식 정리로 매칭 가능","형식 정리로 매칭 가능(수량/위치/접두사/기호/공백)","material","독꽃 x5","x5 Poisonbloom","surface","-213.1179","96.847"
"509","2071","형식 정리로 매칭 가능","형식 정리로 매칭 가능(수량/위치/접두사/기호/공백)","material","트리나의 수련 x5","x5 Trina's Lily","surface","-209.21094","100.61385"
"510","2072","추가 검토 필요","방패 번역 차이 또는 데이터 누락","shield","짐승 문양 히터 실드","Beast Crest Heater Shield","surface","-177.015625","103.926527"
"511","2109","추가 검토 필요","주문 번역/띄어쓰기 차이 또는 데이터 누락","spell","도가니의 모습/목","Aspect of the Crucible: Breath","surface","-87.085937","66.979244"
"512","2111","추가 검토 필요","주문 번역/띄어쓰기 차이 또는 데이터 누락","spell","황금의 마력방호","Barrier of Gold","surface","-104.54687","116.7466"
"513","2121","추가 검토 필요","주문 번역/띄어쓰기 차이 또는 데이터 누락","spell","하이마의 포탄","Cannon of Haima","surface","-119.86875","80.861837"
"514","2125","형식 정리로 매칭 가능","형식 정리로 매칭 가능(수량/위치/접두사/기호/공백)","spell","혜성 아줄","Comet Azur","surface","-89.20625","69.849755"
"515","2135","추가 검토 필요","주문 번역/띄어쓰기 차이 또는 데이터 누락","spell","영원한 어둠","Eternal Darkness","surface","-180.421","146.49"
"516","2138","형식 정리로 매칭 가능","형식 정리로 매칭 가능(수량/위치/접두사/기호/공백)","spell","악신의 불","Flame of the Fell God","surface","-165.235937","75.169152"
"517","2140","추가 검토 필요","주문 번역/띄어쓰기 차이 또는 데이터 누락","spell","불이여 힘을!","Flame, Grant me Strength","surface","-181.8281","130.2834"
"518","2142","형식 정리로 매칭 가능","형식 정리로 매칭 가능(수량/위치/접두사/기호/공백)","spell","창성의 비","Founding Rain of Stars","surface","-64.832812","164.370015"
"519","2144","추가 검토 필요","주문 번역/띄어쓰기 차이 또는 데이터 누락","spell","냉기 무기","Frozen Armament","surface","-103.921875","59.240078"
"520","2158","추가 검토 필요","주문 번역/띄어쓰기 차이 또는 데이터 누락","spell","정신 맑음","Lucidity","surface","-143.515625","82.215419"
"521","2165","추가 검토 필요","주문 번역/띄어쓰기 차이 또는 데이터 누락","spell","독 무기","Poison Armament","surface","-175.54375","144.115396"
"522","2169","형식 정리로 매칭 가능","형식 정리로 매칭 가능(수량/위치/접두사/기호/공백)","spell","라니의 암월","Ranni's Dark Moon","surface","-169.05625","45.588693"
"523","2172","추가 검토 필요","주문 번역/띄어쓰기 차이 또는 데이터 누락","spell","용암 작렬","Roiling Magma","surface","-93.74375","61.424507"
"524","2174","추가 검토 필요","주문 번역/띄어쓰기 차이 또는 데이터 누락","spell","그림자의 유인","Shadow Bait","surface","-103.140625","115.676251"
"525","2177","형식 정리로 매칭 가능","형식 정리로 매칭 가능(수량/위치/접두사/기호/공백)","spell","멸망의 유성","Stars of Ruin","surface","-174.25","153.52"
"526","2187","추가 검토 필요","주문 번역/띄어쓰기 차이 또는 데이터 누락","spell","불이여, 회오리쳐라!","Whirl, O Flame!","surface","-168.5","131.71447"
"527","2192","형식 정리로 매칭 가능","형식 정리로 매칭 가능(수량/위치/접두사/기호/공백)","talisman","무구 덩어리 부적+1","Arsenal Charm +1","surface","-92.51","94.19"
"528","2200","형식 정리로 매칭 가능","형식 정리로 매칭 가능(수량/위치/접두사/기호/공백)","talisman","뇌룡 표식의 탈리스만+1","Boltdrake Talisman +1","surface","-91.679687","77.221594"
"529","2203","형식 정리로 매칭 가능","형식 정리로 매칭 가능(수량/위치/접두사/기호/공백)","talisman","푸른 호박 메달리온+1","Cerulean Amber Medallion +1","surface","-61.765625","156.541827"
"530","2204","형식 정리로 매칭 가능","형식 정리로 매칭 가능(수량/위치/접두사/기호/공백)","talisman","푸른 호박 메달리온+2","Cerulean Amber Medallion +2","surface","-160.342188","56.766952"
"531","2208","추가 검토 필요","탈리스만 번역/표기 차이 또는 데이터 누락","talisman","클렙스의 작은 병","Crepus's Vial","surface","-90.125","81.330728"
"532","2209","형식 정리로 매칭 가능","형식 정리로 매칭 가능(수량/위치/접두사/기호/공백)","talisman","붉은 호박 메달리온+1","Crimson Amber Medallion +1","surface","-89.42656","59.76021"
"533","2210","형식 정리로 매칭 가능","형식 정리로 매칭 가능(수량/위치/접두사/기호/공백)","talisman","붉은 호박 메달리온+2","Crimson Amber Medallion +2","surface","-102.710937","116.095397"
"534","2214","형식 정리로 매칭 가능","형식 정리로 매칭 가능(수량/위치/접두사/기호/공백)","talisman","용 표식 대형 방패의 탈리스만","Dragoncrest Greatshield Talisman","surface","-36.14063","150.50142"
"535","2216","형식 정리로 매칭 가능","형식 정리로 매칭 가능(수량/위치/접두사/기호/공백)","talisman","용 표식 방패의 탈리스만+1","Dragoncrest Shield Talisman +1","surface","-94.06","89.94"
"536","2217","형식 정리로 매칭 가능","형식 정리로 매칭 가능(수량/위치/접두사/기호/공백)","talisman","용 표식 방패의 탈리스만+2","Dragoncrest Shield Talisman +2","surface","-121.284375","216.432475"
"537","2219","형식 정리로 매칭 가능","형식 정리로 매칭 가능(수량/위치/접두사/기호/공백)","talisman","황금 나무의 은총+1","Erdtree's Favor +1","surface","-100.38281","123.29377"
"538","2220","형식 정리로 매칭 가능","형식 정리로 매칭 가능(수량/위치/접두사/기호/공백)","talisman","황금 나무의 은총+2","Erdtree's Favor +2","surface","-103.2625","120.21665"
"539","2224","형식 정리로 매칭 가능","형식 정리로 매칭 가능(수량/위치/접두사/기호/공백)","talisman","염룡 표식의 탈리스만+1","Flamedrake Talisman +1","surface","-102.63125","124.59914"
"540","2225","형식 정리로 매칭 가능","형식 정리로 매칭 가능(수량/위치/접두사/기호/공백)","talisman","염룡 표식의 탈리스만+2","Flamedrake Talisman +2","surface","-165.290625","157.705571"
"541","2226","형식 정리로 매칭 가능","형식 정리로 매칭 가능(수량/위치/접두사/기호/공백)","talisman","고드프리의 초상","Godfrey Icon","surface","-109.36719","81.1123"
"542","2235","형식 정리로 매칭 가능","형식 정리로 매칭 가능(수량/위치/접두사/기호/공백)","talisman","성룡 표식의 탈리스만+1","Haligdrake Talisman +1","surface","-104.15","116.08859"
"543","2242","형식 정리로 매칭 가능","형식 정리로 매칭 가능(수량/위치/접두사/기호/공백)","talisman","마리카의 문드러진 각인","Marika's Soreseal","surface","-39.91875","149.423014"
"544","2244","형식 정리로 매칭 가능","형식 정리로 매칭 가능(수량/위치/접두사/기호/공백)","talisman","옛 왕의 탈리스만","Old Lord's Talisman","surface","-120.6875","219.7418"
"545","2245","형식 정리로 매칭 가능","형식 정리로 매칭 가능(수량/위치/접두사/기호/공백)","talisman","진주룡 표식의 탈리스만+1","Pearldrake Talisman +1","surface","-93.773437","74.022473"
"546","2246","형식 정리로 매칭 가능","형식 정리로 매칭 가능(수량/위치/접두사/기호/공백)","talisman","진주룡 표식의 탈리스만+2","Pearldrake Talisman +2","surface","-43.50625","148.017004"
"547","2251","형식 정리로 매칭 가능","형식 정리로 매칭 가능(수량/위치/접두사/기호/공백)","talisman","라다곤의 초상","Radagon Icon","surface","-139.101562","58.060745"
"548","2253","형식 정리로 매칭 가능","형식 정리로 매칭 가능(수량/위치/접두사/기호/공백)","talisman","라다곤의 문드러진 각인","Radagon's Soreseal","surface","-173.273437","155.965932"
"549","2257","추가 검토 필요","탈리스만 번역/표기 차이 또는 데이터 누락","talisman","포효의 메달리온","Roar Medallion","surface","-188.59375","102.930932"
"550","2268","형식 정리로 매칭 가능","형식 정리로 매칭 가능(수량/위치/접두사/기호/공백)","talisman","마력 용 표식의 탈리스만+1","Spelldrake Talisman +1","surface","-175.478125","147.198148"
"551","2269","추가 검토 필요","탈리스만 번역/표기 차이 또는 데이터 누락","talisman","마력 용 표식의 탈리스만+2","Spelldrake Talisman +2","surface","-85.648437","141.268446"
"552","2271","형식 정리로 매칭 가능","형식 정리로 매칭 가능(수량/위치/접두사/기호/공백)","talisman","강건의 뿔 장식+1","Stalwart Horn Charm +1","surface","-78.01562","137.14518"
"553","2278","형식 정리로 매칭 가능","형식 정리로 매칭 가능(수량/위치/접두사/기호/공백)","talisman","녹색 호박 메달리온+1","Viridian Amber Medallion +1","surface","-93","104"
"554","2279","형식 정리로 매칭 가능","형식 정리로 매칭 가능(수량/위치/접두사/기호/공백)","talisman","녹색 호박 메달리온+2","Viridian Amber Medallion +2","surface","-43.062","147.75"
"555","2564","추가 검토 필요","무기 번역/강화 표기 차이 또는 데이터 누락","weapon","백금 지팡이","Albinauric Staff","surface","-91.0625","60.26223"
"556","2568","추가 검토 필요","무기 번역/강화 표기 차이 또는 데이터 누락","weapon","땅 잃은 기사의 도끼창 +8","Banished Knight's Halberd +8","surface","-143.715625","46.454226"
"557","2571","형식 정리로 매칭 가능","형식 정리로 매칭 가능(수량/위치/접두사/기호/공백)","weapon","검은 칼날","Black Knife","surface","-95.24219","90.059"
"558","2577","형식 정리로 매칭 가능","형식 정리로 매칭 가능(수량/위치/접두사/기호/공백)","weapon","그랑삭스의 벼락","Bolt of Gransax","surface","-104.625","115.95815"
"559","2583","추가 검토 필요","무기 번역/강화 표기 차이 또는 데이터 누락","weapon","카리아의 휘석검","Carian Knight's Sword","surface","-123.492187","48.433786"
"560","2596","형식 정리로 매칭 가능","형식 정리로 매칭 가능(수량/위치/접두사/기호/공백)","weapon","암월의 대검","Dark Moon Greatsword","surface","-157.304687","58.408821"
"561","2600","형식 정리로 매칭 가능","형식 정리로 매칭 가능(수량/위치/접두사/기호/공백)","weapon","세계 먹는 자의 왕홀","Devourer's Scepter","surface","-121","219.02522"
"562","2604","형식 정리로 매칭 가능","형식 정리로 매칭 가능(수량/위치/접두사/기호/공백)","weapon","일식의 쇼텔","Eclipse Shotel","surface","-61.24375","158.080744"
"563","2629","형식 정리로 매칭 가능","형식 정리로 매칭 가능(수량/위치/접두사/기호/공백)","weapon","신 사냥의 검","Godslayer's Greatsword","surface","-162.976562","146.426996"
"564","2633","형식 정리로 매칭 가능","형식 정리로 매칭 가능(수량/위치/접두사/기호/공백)","weapon","황금률의 대검","Golden Order Greatsword","surface","-68.4626","148.53"
"565","2637","형식 정리로 매칭 가능","형식 정리로 매칭 가능(수량/위치/접두사/기호/공백)","weapon","검 잇기의 대검","Grafted Blade Greatsword","surface","-231.054687","106.035335"
"566","2650","추가 검토 필요","무기 번역/강화 표기 차이 또는 데이터 누락","weapon","헬펜의 첨탑","Helphen's Steeple","surface","-62.29687","155.62148"
"567","2663","추가 검토 필요","무기 번역/강화 표기 차이 또는 데이터 누락","weapon","긴 자루 나대","Longhaft Axe","surface","-225.7","108"
"568","2673","형식 정리로 매칭 가능","형식 정리로 매칭 가능(수량/위치/접두사/기호/공백)","weapon","마레 가의 집행검","Marais Executioner's Sword","surface","-79.914062","80.227421"
"569","2707","형식 정리로 매칭 가능","형식 정리로 매칭 가능(수량/위치/접두사/기호/공백)","weapon","유적의 대검","Ruins Greatsword","surface","-193.05469","159.48091"
"570","2725","형식 정리로 매칭 가능","형식 정리로 매칭 가능(수량/위치/접두사/기호/공백)","weapon","밤과 불꽃의 검","Sword of Night and Flame","surface","-108.082812","58.335612"
"571","2745","추가 검토 필요","세트 항목: 여러 방어구 중 대표 이미지 선택 필요","armor","도가니 나무 세트","Crucible Tree Set","underground","-95.265625","106.180862"
"572","2748","추가 검토 필요","세트 항목: 여러 방어구 중 대표 이미지 선택 필요","armor","전쟁 외과의 세트","War Surgeon Set","underground","-182.890625","152.635558"
"573","2749","형식 정리로 매칭 가능","형식 정리로 매칭 가능(수량/위치/접두사/기호/공백)","ash_of_war","전회: 피의 징수","Ash of War: Blood Tax","underground","-180.76562","154.51983"
"574","2750","형식 정리로 매칭 가능","형식 정리로 매칭 가능(수량/위치/접두사/기호/공백)","ash_of_war","전회: 추적 사격","Ash of War: Enchanted Shot","underground","-174.390625","128.410006"
"575","2751","형식 정리로 매칭 가능","형식 정리로 매칭 가능(수량/위치/접두사/기호/공백)","ash_of_war","전회: 황금의 땅","Ash of War: Golden Land","underground","-103.820312","123.707613"
"576","2752","형식 정리로 매칭 가능","형식 정리로 매칭 가능(수량/위치/접두사/기호/공백)","ash_of_war","전회: 준비 자세","Ash of War: Square Off","underground","-174.703125","137.493336"
"577","2753","형식 정리로 매칭 가능","형식 정리로 매칭 가능(수량/위치/접두사/기호/공백)","ash_of_war","전회: 진공 베기","Ash of War: Vacuum Slice","underground","-96.65625","115.770407"
"578","2754","형식 정리로 매칭 가능","형식 정리로 매칭 가능(수량/위치/접두사/기호/공백)","consumable","피의 장미 x5","Bloodrose x5","underground","-182.48437","154.71509"
"579","2813","추가 검토 필요","맵 전용 표식/보상 포함: E 데이터에서 동일 제목 없음","key_item","영혼 묘 은방울꽃 채취자의 방울 [1]","Ghost-Glovewort Picker's Bell Bearing (1)","underground","-184.96875","123.366473"
"580","2814","추가 검토 필요","맵 전용 표식/보상 포함: E 데이터에서 동일 제목 없음","key_item","영혼 묘 은방울꽃 채취자의 방울 [2]","Ghost-Glovewort Picker's Bell Bearing (2)","underground","-124.95625","66.39691"
"581","2815","추가 검토 필요","맵 전용 표식/보상 포함: E 데이터에서 동일 제목 없음","key_item","내면의 율","Inner Order","underground","-171.159375","136.611911"
"582","2835","추가 검토 필요","지도 조각: E 데이터에서 동일 제목 없음","map_fragment","지도 조각: 에인세르 강","Map (Ainsel River)","underground","-128.25","68.059836"
"583","2836","추가 검토 필요","지도 조각: E 데이터에서 동일 제목 없음","map_fragment","지도 조각: 깊은 뿌리 밑바닥","Map (Deeproot Depths)","underground","-97.945312","114.668478"
"584","2837","추가 검토 필요","지도 조각: E 데이터에서 동일 제목 없음","map_fragment","지도 조각: 부패한 호수","Map (Lake of Rot)","underground","-129.32031","60.40889"
"585","2838","추가 검토 필요","지도 조각: E 데이터에서 동일 제목 없음","map_fragment","지도 조각: 모그윈 왕조","Map (Mohgwyn Palace)","underground","-180.192","149.08"
"586","2839","추가 검토 필요","지도 조각: E 데이터에서 동일 제목 없음","map_fragment","지도 조각: 시오프라 강","Map (Siofra River)","underground","-185.96875","132.118084"
"587","2858","형식 정리로 매칭 가능","형식 정리로 매칭 가능(수량/위치/접두사/기호/공백)","spell","엘데의 유성","Elden Stars","underground","-101.4375","120.0516"
"588","2860","추가 검토 필요","주문 번역/띄어쓰기 차이 또는 데이터 누락","spell","빙뢰창","Frozen Lightning Spear","underground","-124.515625","63.418097"
"589","2866","형식 정리로 매칭 가능","형식 정리로 매칭 가능(수량/위치/접두사/기호/공백)","talisman","이성의 뿔 장식+1","Clarifying Horn Charm +1","underground","-178.09375","134.305726"
"590","2867","형식 정리로 매칭 가능","형식 정리로 매칭 가능(수량/위치/접두사/기호/공백)","talisman","성룡 표식의 탈리스만+2","Haligdrake Talisman +2","underground","-184.28125","149.706454"
"591","2869","형식 정리로 매칭 가능","형식 정리로 매칭 가능(수량/위치/접두사/기호/공백)","talisman","면역의 뿔 장식+1","Immunizing Horn Charm +1","underground","-131.828","62.66339"
"592","2871","형식 정리로 매칭 가능","형식 정리로 매칭 가능(수량/위치/접두사/기호/공백)","talisman","녹스텔라의 달","Moon of Nokstella","underground","-120.164062","59.760545"
"593","2873","형식 정리로 매칭 가능","형식 정리로 매칭 가능(수량/위치/접두사/기호/공백)","talisman","얼룩색 목걸이 +1","Mottled Necklance +1","underground","-176.960937","132.246019"
"594","2874","추가 검토 필요","탈리스만 번역/표기 차이 또는 데이터 누락","talisman","사악한 왕자의 업창","Prince of Death Cyst","underground","-98.453125","117.207836"
"595","3000","추가 검토 필요","무기 번역/강화 표기 차이 또는 데이터 누락","weapon","실루리아의 나무창","Siluria's Tree","underground","-95.78","106.73"
"596","3003","추가 검토 필요","뼛가루/꼭두각시 표기 차이 또는 데이터 누락","spirit_ash","검은 칼날 티시","Black Knife Tiche","surface","0","0"
"597","3004","추가 검토 필요","뼛가루/꼭두각시 표기 차이 또는 데이터 누락","spirit_ash","땅 잃은 기사 오레그","Banished Knight Oleg Ashes","surface","0","0"
"598","3005","추가 검토 필요","뼛가루/꼭두각시 표기 차이 또는 데이터 누락","spirit_ash","땅 잃은 기사 잉바르","Banished Knight Engvall Ashes","surface","0","0"
"599","3007","추가 검토 필요","뼛가루/꼭두각시 표기 차이 또는 데이터 누락","spirit_ash","백금의 라티나","Latenna the Albinauric","surface","0","0"
"600","3009","추가 검토 필요","뼛가루/꼭두각시 표기 차이 또는 데이터 누락","spirit_ash","밤 무녀와 검사 꼭두각시","Nightmaiden & Swordstress Puppets","surface","0","0"
"601","3010","형식 정리로 매칭 가능","형식 정리로 매칭 가능(수량/위치/접두사/기호/공백)","spirit_ash","화신의 물방울의 뼛가루","Mimic Tear Ashes","surface","0","0"
"602","3019","추가 검토 필요","뼛가루/꼭두각시 표기 차이 또는 데이터 누락","spirit_ash","타락조향사 카르만","Depraved Perfumer Carmaan Ashes","surface","0","0"
"603","3020","추가 검토 필요","뼛가루/꼭두각시 표기 차이 또는 데이터 누락","spirit_ash","조향사 트리샤","Perfumer Tricia","surface","0","0"
"604","3024","추가 검토 필요","뼛가루/꼭두각시 표기 차이 또는 데이터 누락","spirit_ash","전쟁마술사 유그","Battlemage Hugues","surface","0","0"
"605","3026","추가 검토 필요","뼛가루/꼭두각시 표기 차이 또는 데이터 누락","spirit_ash","귀부기사 핀레이","Cleanrot Knight Finlay Ashes","surface","0","0"
"606","3031","추가 검토 필요","뼛가루/꼭두각시 표기 차이 또는 데이터 누락","spirit_ash","흑염 승병 아몬","Blackflame Monk Amon Ashes","surface","0","0"
"607","3041","추가 검토 필요","뼛가루/꼭두각시 표기 차이 또는 데이터 누락","spirit_ash","폭풍 매 디네","Stormhawk Deenh","surface","0","0"
"608","3042","추가 검토 필요","뼛가루/꼭두각시 표기 차이 또는 데이터 누락","spirit_ash","사냥개기사 플로","Bloodhound Knight Floh","surface","0","0"
"609","3043","추가 검토 필요","뼛가루/꼭두각시 표기 차이 또는 데이터 누락","spirit_ash","헤매는 귀인의 뼛가루","Wandering Noble Ashes","surface","0","0"
"610","3050","추가 검토 필요","뼛가루/꼭두각시 표기 차이 또는 데이터 누락","spirit_ash","흉조잡이 로로","Omenkiller Rollo","surface","0","0"
"611","3059","추가 검토 필요","뼛가루/꼭두각시 표기 차이 또는 데이터 누락","spirit_ash","고룡 기사 크리스토프","Ancient Dragon Knight Kristoff Ashes","surface","0","0"
"612","3060","추가 검토 필요","뼛가루/꼭두각시 표기 차이 또는 데이터 누락","spirit_ash","적사자기사 오우가","Redmane Knight Ogha Ashes","surface","0","0"
"613","3061","추가 검토 필요","뼛가루/꼭두각시 표기 차이 또는 데이터 누락","spirit_ash","목 없는 기사 루텔","Lhutel the Headless","surface","0","0"
"614","3079","형식 정리로 매칭 가능","형식 정리로 매칭 가능(수량/위치/접두사/기호/공백)","spirit_ash","단조골렘 테울의 뼛가루","Taylew the Golem Smith","dlc","0","0"
"615","3080","형식 정리로 매칭 가능","형식 정리로 매칭 가능(수량/위치/접두사/기호/공백)","spirit_ash","신조 전사 오르니스의 뼛가루","Divine Bird Warrior Ornis","dlc","0","0"
"616","3082","형식 정리로 매칭 가능","형식 정리로 매칭 가능(수량/위치/접두사/기호/공백)","spirit_ash","고룡 플로삭스의 뼛가루","Ancient Dragon Florissax","dlc","0","0"
