"category","kor_name","english_name","occurrence_count","regions","reason"
"armor","검은 칼날 세트","Black Knife Set","1","surface","세트 항목: 여러 방어구 중 대표 이미지 선택 필요"
"armor","겔미어 기사 세트","Gelmir Knight Set","1","surface","세트 항목: 여러 방어구 중 대표 이미지 선택 필요"
"armor","고립 감옥 세트","Solitude Set","1","dlc","세트 항목: 여러 방어구 중 대표 이미지 선택 필요"
"armor","귀인 세트","Noble's Set","1","surface","세트 항목: 여러 방어구 중 대표 이미지 선택 필요"
"armor","금가면 세트","Goldmask's Set","1","extra","세트 항목: 여러 방어구 중 대표 이미지 선택 필요"
"armor","기행 마술사 세트(투구 제외)","Errant Sorcerer Set (No Helm)","1","surface","세트 항목: 여러 방어구 중 대표 이미지 선택 필요"
"armor","나찰 세트","Rakshasa Set","1","dlc","세트 항목: 여러 방어구 중 대표 이미지 선택 필요"
"armor","녹청 세트 - 에니르 일림","Verdigris Set - Enir-Ilim","1","dlc","세트 항목: 여러 방어구 중 대표 이미지 선택 필요"
"armor","눈 마녀 세트","Snow Witch Set","1","surface","세트 항목: 여러 방어구 중 대표 이미지 선택 필요"
"armor","눈의 서코트","Eye Surcoat","1","surface","방어구 명칭 차이 또는 데이터 누락"
"armor","대사제 세트","High Priest Set","1","dlc","세트 항목: 여러 방어구 중 대표 이미지 선택 필요"
"armor","도가니 나무 세트","Crucible Tree Set","1","underground","세트 항목: 여러 방어구 중 대표 이미지 선택 필요"
"armor","도가니 도끼 세트","Crucible Axe Set","1","surface","세트 항목: 여러 방어구 중 대표 이미지 선택 필요"
"armor","마술 교수 세트","Preceptor's Set","1","surface","세트 항목: 여러 방어구 중 대표 이미지 선택 필요"
"armor","무희 세트","Dancer's Set","1","dlc","세트 항목: 여러 방어구 중 대표 이미지 선택 필요"
"armor","밤 기병 세트","Night's Cavalry Set","1","surface","세트 항목: 여러 방어구 중 대표 이미지 선택 필요"
"armor","밤 세트 - 보니의 감옥","Night Set - Bonny Gaol","1","dlc","세트 항목: 여러 방어구 중 대표 이미지 선택 필요"
"armor","방랑 민족 상인 세트","Nomadic Merchant's Set","1","surface","세트 항목: 여러 방어구 중 대표 이미지 선택 필요"
"armor","백면 갈대 세트","White Reed Set","1","surface","세트 항목: 여러 방어구 중 대표 이미지 선택 필요"
"armor","버섯 세트(왕관 제외)","Mushroom Set (No Crown)","1","surface","세트 항목: 여러 방어구 중 대표 이미지 선택 필요"
"armor","비늘 세트","Scaled Set","1","surface","세트 항목: 여러 방어구 중 대표 이미지 선택 필요"
"armor","뿔인간 세트","Hornsent Set","1","dlc","세트 항목: 여러 방어구 중 대표 이미지 선택 필요"
"armor","사냥개기사 세트","Bloodhound Knight Set","1","surface","세트 항목: 여러 방어구 중 대표 이미지 선택 필요"
"armor","서약기사 세트","Oathseeker Knight Set","1","dlc","세트 항목: 여러 방어구 중 대표 이미지 선택 필요"
"armor","손가락 무녀 세트","Finger Maiden Set","1","surface","세트 항목: 여러 방어구 중 대표 이미지 선택 필요"
"armor","시민의 옷","Commoner's Simple Garb","1","surface","방어구 명칭 차이 또는 데이터 누락"
"armor","신의 살갗의 귀인 세트","Godskin Noble Set","1","surface","세트 항목: 여러 방어구 중 대표 이미지 선택 필요"
"armor","신의 살갗의 사도 세트","Godskin Apostle Set","1","surface","세트 항목: 여러 방어구 중 대표 이미지 선택 필요"
"armor","알베리히 세트","Alberich's Set","1","surface","세트 항목: 여러 방어구 중 대표 이미지 선택 필요"
"armor","야로다스의 휘석 머리","Hierodas Glintstone Crown","1","surface","방어구 명칭 차이 또는 데이터 누락"
"armor","에이곤 세트","Igon's Set","1","dlc","세트 항목: 여러 방어구 중 대표 이미지 선택 필요"
"armor","여행 무녀 세트","Traveling Maiden Set","1","surface","세트 항목: 여러 방어구 중 대표 이미지 선택 필요"
"armor","여행 세트","Traveler's Set","1","surface","세트 항목: 여러 방어구 중 대표 이미지 선택 필요"
"armor","온 지혜 세트","All-Knowing Set","1","extra","세트 항목: 여러 방어구 중 대표 이미지 선택 필요"
"armor","왕의 반려 세트","Consort's Set","1","surface","세트 항목: 여러 방어구 중 대표 이미지 선택 필요"
"armor","용기사 세트","Drake Knight Set","1","surface","세트 항목: 여러 방어구 중 대표 이미지 선택 필요"
"armor","자미엘 세트","Zamor Set","1","surface","세트 항목: 여러 방어구 중 대표 이미지 선택 필요"
"armor","전쟁 외과의 세트","War Surgeon Set","1","underground","세트 항목: 여러 방어구 중 대표 이미지 선택 필요"
"armor","전투 마술사 세트","Battlemage Set","1","surface","세트 항목: 여러 방어구 중 대표 이미지 선택 필요"
"armor","조향사 여행 세트","Perfumer Traveler's Set","1","surface","세트 항목: 여러 방어구 중 대표 이미지 선택 필요"
"armor","종군 늑대 세트","Raging Wolf Set","1","surface","세트 항목: 여러 방어구 중 대표 이미지 선택 필요"
"armor","죽음 기사 세트 - 어둠빛 지하 묘지","Death Knight Set - Darklight Catacombs","1","dlc","세트 항목: 여러 방어구 중 대표 이미지 선택 필요"
"armor","지문 세트","Fingerprint Set","1","surface","세트 항목: 여러 방어구 중 대표 이미지 선택 필요"
"armor","짐승 집회 세트","Beast Champion Set","1","surface","세트 항목: 여러 방어구 중 대표 이미지 선택 필요"
"armor","철 못 세트","Iron Rivet Set","1","dlc","세트 항목: 여러 방어구 중 대표 이미지 선택 필요"
"armor","카리아 기사 세트","Carian Knight Set","1","surface","세트 항목: 여러 방어구 중 대표 이미지 선택 필요"
"armor","큰 산양 세트","Bull-Goat Set","1","surface","세트 항목: 여러 방어구 중 대표 이미지 선택 필요"
"armor","티에리에 세트 - 에니르 일림","Thiollier's Set - Enir-Ilim","1","dlc","세트 항목: 여러 방어구 중 대표 이미지 선택 필요"
"armor","프레이야 세트 - 에니르 일림","Freyja's Set - Enir-Ilim","1","dlc","세트 항목: 여러 방어구 중 대표 이미지 선택 필요"
"armor","피의 귀족 세트","Sanguine Set","1","surface","세트 항목: 여러 방어구 중 대표 이미지 선택 필요"
"armor","현자 세트","Sage Set","1","surface","세트 항목: 여러 방어구 중 대표 이미지 선택 필요"
"armor","호슬로 세트","Hoslow's Set","1","surface","세트 항목: 여러 방어구 중 대표 이미지 선택 필요"
"armor","흉조잡이 세트(투구 제외)","Omenkiller Set (No Helm)","1","surface","세트 항목: 여러 방어구 중 대표 이미지 선택 필요"
"ash_of_war","전회: 독나방은 두 번 춤춘다","Ash of War: Poison Moth Flight","1","surface","전회 명칭 차이 또는 데이터 누락"
"ash_of_war","전회: 애로우 레인","Ash of War: Rain of Arrows","1","surface","전회 명칭 차이 또는 데이터 누락"
"ash_of_war","전회: 환영의 창","Ash of War: Phantom Slash","1","surface","전회 명칭 차이 또는 데이터 누락"
"consumable","격앙의 이끼약 x1 - 벨라트 탑의 도시","Stimulating Boluses x1 - Belurat Tower Settlement","1","dlc","묶음 수량 제거 후에도 동일 데이터 없음"
"consumable","군주군의 볼트 - 에니르 일림","Lordsworn's Bolt - Enir-Ilim","1","dlc","묶음 수량 제거 후에도 동일 데이터 없음"
"consumable","대형 화살 x10","Great Arrow x10","1","dlc","묶음 수량 제거 후에도 동일 데이터 없음"
"consumable","독 투척 뼈화살","Poisonbone Dart (A)","1","surface","묶음 수량 제거 후에도 동일 데이터 없음"
"consumable","독 투척 뼈화살 x8 - 벨라트 탑의 도시","Poisonbone Dart x8 - Belurat Tower Settlement","1","dlc","묶음 수량 제거 후에도 동일 데이터 없음"
"consumable","라우프 벌레","Rauh Burrow","1","dlc","묶음 수량 제거 후에도 동일 데이터 없음"
"consumable","발리스타 볼트 x5","Ballista Bolt x5","1","dlc","묶음 수량 제거 후에도 동일 데이터 없음"
"consumable","뱀 화살 x8 - 벨라트 탑의 도시","Serpent Arrow x8 - Belurat Tower Settlement","1","dlc","묶음 수량 제거 후에도 동일 데이터 없음"
"consumable","볼트 x10","Bolt x10","1","dlc","묶음 수량 제거 후에도 동일 데이터 없음"
"consumable","볼트 x10 - 보니의 감옥","Bolt x10 - Bonny Gaol","1","dlc","묶음 수량 제거 후에도 동일 데이터 없음"
"consumable","볼트 x5","Bolt x5","1","dlc","묶음 수량 제거 후에도 동일 데이터 없음"
"consumable","부드러운 면","Soft Cotton B","1","surface","묶음 수량 제거 후에도 동일 데이터 없음"
"consumable","불화살 - 1x Stormhill Warmaster Shack","Fire Arrow - 1x Stormhill Warmaster Shack ","1","surface","묶음 수량 제거 후에도 동일 데이터 없음"
"consumable","불화살 x10","Fire Arrow x10","1","dlc","묶음 수량 제거 후에도 동일 데이터 없음"
"consumable","불화살 x10 - 에니르 일림","Fire Arrow x10 - Enir-Ilim","1","dlc","묶음 수량 제거 후에도 동일 데이터 없음"
"consumable","뼈 투척 나이프 x8","Bone Dart x8","1","dlc","묶음 수량 제거 후에도 동일 데이터 없음"
"consumable","신혈의 살점 x5","Sacred Flesh x5","1","dlc","묶음 수량 제거 후에도 동일 데이터 없음"
"consumable","얼룩진 흰 육포 x2 - 전갈 강 지하 묘지","Dappled White Cured Meat x2 - Scorpion River Catacombs","1","dlc","묶음 수량 제거 후에도 동일 데이터 없음"
"consumable","영웅의 룬 [1]","Hero's Rune [1] - Hidden Path to the Haligtree","1","surface","묶음 수량 제거 후에도 동일 데이터 없음"
"consumable","영웅의 룬 [1]","Hero's Rune (1) A","1","surface","묶음 수량 제거 후에도 동일 데이터 없음"
"consumable","영웅의 룬 [1]","Hero's Rune (1)","1","surface","묶음 수량 제거 후에도 동일 데이터 없음"
"consumable","영혼 불 화살 - 15x Elphael, Brace of the Haligtree","Spiritflame Arrow - 15x Elphael, Brace of the Haligtree","1","surface","묶음 수량 제거 후에도 동일 데이터 없음"
"consumable","이성의 환약 x2","Clarifying Boluses x2","1","dlc","묶음 수량 제거 후에도 동일 데이터 없음"
"consumable","이성의 환약 x3","Clarifying Boluses x3","1","dlc","묶음 수량 제거 후에도 동일 데이터 없음"
"consumable","축복의 물방울","Grace Mimic (B)","1","surface","묶음 수량 제거 후에도 동일 데이터 없음"
"consumable","쿠크리 x5","Kukri x5","1","dlc","묶음 수량 제거 후에도 동일 데이터 없음"
"consumable","쿠크리 x6","Kukri x6","2","dlc","묶음 수량 제거 후에도 동일 데이터 없음"
"consumable","트리나의 화살 x10 - 석관의 대구멍","St. Trina's Arrow x10 - Stone Coffin Fissure","1","dlc","묶음 수량 제거 후에도 동일 데이터 없음"
"consumable","화살 x10","Arrow x10","3","dlc","묶음 수량 제거 후에도 동일 데이터 없음"
"consumable","화살 x10 - 벨라트 탑의 도시","Arrow x10 - Belurat Tower Settlement","1","dlc","묶음 수량 제거 후에도 동일 데이터 없음"
"consumable","황금 볼트 x10 - 에니르 일림","Golden Bolt x10 - Enir-Ilim","1","dlc","묶음 수량 제거 후에도 동일 데이터 없음"
"consumable","황금의 룬","Golden Rune","1","surface","묶음 수량 제거 후에도 동일 데이터 없음"
"consumable","회춘의 환약","Rejuvenating Boluses (B)","1","surface","묶음 수량 제거 후에도 동일 데이터 없음"
"consumable","회춘의 환약 x2 - 전갈 강 지하 묘지","Rejuvenating Boluses x2 - Scorpion River Catacombs","1","dlc","묶음 수량 제거 후에도 동일 데이터 없음"
"consumable","회춘의 환약 x3 - 전갈 강 지하 묘지","Rejuvenating Boluses x3 - Scorpion River Catacombs","1","dlc","묶음 수량 제거 후에도 동일 데이터 없음"
"flask_upgrade","근력 혹 결정 물방울","Strength-Knot Crystal Tear","1","surface","결정 물방울 번역 차이 또는 데이터 누락"
"flask_upgrade","기량 혹 결정 물방울","Dexterity-knot Crystal Tear","1","surface","결정 물방울 번역 차이 또는 데이터 누락"
"flask_upgrade","나뭇가지 깨진 물방울","Twiggy Cracked Tear","1","surface","결정 물방울 번역 차이 또는 데이터 누락"
"flask_upgrade","넘치는 붉은 결정 물방울","Crimsonspill Crystal Tear","1","surface","결정 물방울 번역 차이 또는 데이터 누락"
"flask_upgrade","넘치는 초록 결정 물방울","Greenspill Crystal Tear","1","surface","결정 물방울 번역 차이 또는 데이터 누락"
"flask_upgrade","돌가시 깨진 물방울","Stonebarb Cracked Tear","1","surface","결정 물방울 번역 차이 또는 데이터 누락"
"flask_upgrade","신앙 혹 결정 물방울","Faith-knot Crystal Tear","1","surface","결정 물방울 번역 차이 또는 데이터 누락"
"flask_upgrade","지력 혹 결정 물방울","Intelligence-knot Crystal Tear","1","surface","결정 물방울 번역 차이 또는 데이터 누락"
"flask_upgrade","화염 두른 깨진 물방울","Flame-Shrouding Cracked Tear","1","surface","결정 물방울 번역 차이 또는 데이터 누락"
"key_item","""성스러운 탑"" 그림","""The Sacred Tower"" Painting","1","dlc","맵 전용 표식/보상 포함: E 데이터에서 동일 제목 없음"
"key_item","""침입"" 그림","""Incursion"" Painting","1","dlc","맵 전용 표식/보상 포함: E 데이터에서 동일 제목 없음"
"key_item","갈고리 부르는 손가락약","Furlcalling Finger Remedy I","1","surface","맵 전용 표식/보상 포함: E 데이터에서 동일 제목 없음"
"key_item","갈고리 부르는 손가락약","Furlcalling Finger Remedy H","1","surface","맵 전용 표식/보상 포함: E 데이터에서 동일 제목 없음"
"key_item","갈고리 부르는 손가락약","Furlcalling Finger Remedy A","1","surface","맵 전용 표식/보상 포함: E 데이터에서 동일 제목 없음"
"key_item","갈고리 부르는 손가락약","Furlcalling Finger Remedy C","1","surface","맵 전용 표식/보상 포함: E 데이터에서 동일 제목 없음"
"key_item","갈고리 부르는 손가락약","Furlcalling Finger Remedy D","1","surface","맵 전용 표식/보상 포함: E 데이터에서 동일 제목 없음"
"key_item","갈고리 부르는 손가락약","Furlcalling Finger Remedy G","1","surface","맵 전용 표식/보상 포함: E 데이터에서 동일 제목 없음"
"key_item","갈고리 부르는 손가락약","Furlcalling Finger Remedy E","1","surface","맵 전용 표식/보상 포함: E 데이터에서 동일 제목 없음"
"key_item","갈고리 부르는 손가락약","Furlcalling Finger Remedy F","1","surface","맵 전용 표식/보상 포함: E 데이터에서 동일 제목 없음"
"key_item","갈고리 부르는 손가락약 - Highroad Cave","Furlcalling Finger Remedy J - Highroad Cave ","1","surface","맵 전용 표식/보상 포함: E 데이터에서 동일 제목 없음"
"key_item","겨루기 소망","May the Best Win","1","dlc","맵 전용 표식/보상 포함: E 데이터에서 동일 제목 없음"
"key_item","고기 장사의 방울","Meat Peddler's Bell Bearing","1","surface","맵 전용 표식/보상 포함: E 데이터에서 동일 제목 없음"
"key_item","고스토크의 방울","Gostoc's Bell Bearing","1","surface","맵 전용 표식/보상 포함: E 데이터에서 동일 제목 없음"
"key_item","곰팡이 장사의 방울","Moldmonger's Bell Bearing","1","dlc","맵 전용 표식/보상 포함: E 데이터에서 동일 제목 없음"
"key_item","귀소 그림","Homecoming Painting","1","surface","맵 전용 표식/보상 포함: E 데이터에서 동일 제목 없음"
"key_item","그림자 탑 메시지 - 벨라트 탑의 도시","Tower of Shadow Message - Belurat Tower Settlement","1","dlc","맵 전용 표식/보상 포함: E 데이터에서 동일 제목 없음"
"key_item","금 바늘","Gold Sewing Needle","1","surface","맵 전용 표식/보상 포함: E 데이터에서 동일 제목 없음"
"key_item","기름 장사의 방울","Greasemonger's Bell Bearing","1","dlc","맵 전용 표식/보상 포함: E 데이터에서 동일 제목 없음"
"key_item","끈 장사의 방울","String-Seller's Bell Bearing","1","dlc","맵 전용 표식/보상 포함: E 데이터에서 동일 제목 없음"
"key_item","날지 못하는 새 그림","Flightless Bird Painting","1","surface","맵 전용 표식/보상 포함: E 데이터에서 동일 제목 없음"
"key_item","내면의 율","Inner Order","1","underground","맵 전용 표식/보상 포함: E 데이터에서 동일 제목 없음"
"key_item","단석 채석꾼의 방울 [1]","Smithing-Stone Miner's Bell Bearing (1)","1","surface","맵 전용 표식/보상 포함: E 데이터에서 동일 제목 없음"
"key_item","단석 채석꾼의 방울 [2]","Smithing-Stone Miner's Bell Bearing (2)","1","surface","맵 전용 표식/보상 포함: E 데이터에서 동일 제목 없음"
"key_item","단석 채석꾼의 방울 [3]","Smithing-Stone Miner's Bell Bearing [3]","1","surface","맵 전용 표식/보상 포함: E 데이터에서 동일 제목 없음"
"key_item","단석 채석꾼의 방울 [4]","Smithing-Stone Miner's Bell Bearing (4)","1","surface","맵 전용 표식/보상 포함: E 데이터에서 동일 제목 없음"
"key_item","당신과 함께 - 에니르 일림","Let Us Go Together - Enir-Ilim","1","dlc","맵 전용 표식/보상 포함: E 데이터에서 동일 제목 없음"
"key_item","덱타스의 부절(우)","Dectus Medallion (Right)","1","surface","맵 전용 표식/보상 포함: E 데이터에서 동일 제목 없음"
"key_item","덱타스의 부절(좌)","Dectus Medallion (Left)","1","surface","맵 전용 표식/보상 포함: E 데이터에서 동일 제목 없음"
"key_item","두 손가락","The Two Fingers (Gesture)","1","dlc","맵 전용 표식/보상 포함: E 데이터에서 동일 제목 없음"
"key_item","레다의 메시지","Message from Leda","2","dlc","맵 전용 표식/보상 포함: E 데이터에서 동일 제목 없음"
"key_item","마술기계 장인의 방울","Spellmachinist's Bell Bearing","1","dlc","맵 전용 표식/보상 포함: E 데이터에서 동일 제목 없음"
"key_item","마술사 그림","Sorcerer Painting","1","surface","맵 전용 표식/보상 포함: E 데이터에서 동일 제목 없음"
"key_item","말하는 머리 ""내 사랑""","Prattling Pate (My Beloved)","1","surface","맵 전용 표식/보상 포함: E 데이터에서 동일 제목 없음"
"key_item","말하는 머리 ""대단해""","Prattling Pate (Wonderful)","1","surface","맵 전용 표식/보상 포함: E 데이터에서 동일 제목 없음"
"key_item","말하는 머리 ""도와줘""","Prattling Pate (Please Help)","1","surface","맵 전용 표식/보상 포함: E 데이터에서 동일 제목 없음"
"key_item","말하는 머리 ""시작하자""","Prattling Pate (Let's get to it) ","1","surface","맵 전용 표식/보상 포함: E 데이터에서 동일 제목 없음"
"key_item","묘 은방울꽃 채취자의 방울 [1]","Glovewort Picker's Bell Bearing (1)","1","surface","맵 전용 표식/보상 포함: E 데이터에서 동일 제목 없음"
"key_item","묘 은방울꽃 채취자의 방울 [3]","Glovewort Picker's Bell Bearing (3)","1","surface","맵 전용 표식/보상 포함: E 데이터에서 동일 제목 없음"
"key_item","무어의 방울 - 에니르 일림","Moore's Bell Bearing - Enir-Ilim","1","dlc","맵 전용 표식/보상 포함: E 데이터에서 동일 제목 없음"
"key_item","배율자의 손가락","Recusant Finger","1","surface","맵 전용 표식/보상 포함: E 데이터에서 동일 제목 없음"
"key_item","버섯 장사의 방울 [1]","Mushroom-Seller's Bell Bearing (1)","1","dlc","맵 전용 표식/보상 포함: E 데이터에서 동일 제목 없음"
"key_item","버섯 장사의 방울 [2]","Mushroom-Seller's Bell Bearing [2]","1","dlc","맵 전용 표식/보상 포함: E 데이터에서 동일 제목 없음"
"key_item","베르나르에게 보내는 편지","Letter to Bernahl","1","surface","맵 전용 표식/보상 포함: E 데이터에서 동일 제목 없음"
"key_item","부적 주머니","Talisman Pouch (Godfrey)","1","surface","맵 전용 표식/보상 포함: E 데이터에서 동일 제목 없음"
"key_item","붉은 사자 그림","Redmane Painting","1","surface","맵 전용 표식/보상 포함: E 데이터에서 동일 제목 없음"
"key_item","붉은 숫돌 칼날","Red-Hot Whetblade","1","surface","맵 전용 표식/보상 포함: E 데이터에서 동일 제목 없음"
"key_item","붉은 편지","Red Letter","1","surface","맵 전용 표식/보상 포함: E 데이터에서 동일 제목 없음"
"key_item","비밀 의식의 두루마리","Secret Rite Scroll","1","dlc","맵 전용 표식/보상 포함: E 데이터에서 동일 제목 없음"
"key_item","색 잃은 채석꾼의 방울 [1]","Somberstone Miner's Bell Bearing (1)","1","surface","맵 전용 표식/보상 포함: E 데이터에서 동일 제목 없음"
"key_item","색 잃은 채석꾼의 방울 [2]","Somberstone Miner's Bell Bearing (2)","1","surface","맵 전용 표식/보상 포함: E 데이터에서 동일 제목 없음"
"key_item","색 잃은 채석꾼의 방울 [3]","Somberstone Miner's Bell Bearing (3)","1","surface","맵 전용 표식/보상 포함: E 데이터에서 동일 제목 없음"
"key_item","색 잃은 채석꾼의 방울 [4]","Somberstone Miner's Bell Bearing (4)","1","surface","맵 전용 표식/보상 포함: E 데이터에서 동일 제목 없음"
"key_item","색 잃은 채석꾼의 방울 [5]","Somberstone Miner's Bell Bearing (5)","1","surface","맵 전용 표식/보상 포함: E 데이터에서 동일 제목 없음"
"key_item","선잠","Dozing Cross-Legged","1","surface","맵 전용 표식/보상 포함: E 데이터에서 동일 제목 없음"
"key_item","성수의 비부절(우)","Haligtree Secret Medallion (Right)","1","surface","맵 전용 표식/보상 포함: E 데이터에서 동일 제목 없음"
"key_item","성수의 비부절(좌)","Haligtree Secret Medallion (Left)","1","surface","맵 전용 표식/보상 포함: E 데이터에서 동일 제목 없음"
"key_item","성스러운 탑 그림 보상","The Sacred Tower Painting Solution","1","dlc","맵 전용 표식/보상 포함: E 데이터에서 동일 제목 없음"
"key_item","성의 십자 메시지","Castle Cross Message","1","dlc","맵 전용 표식/보상 포함: E 데이터에서 동일 제목 없음"
"key_item","셀브스의 방울","Seluvis's Bell Bearing","1","surface","맵 전용 표식/보상 포함: E 데이터에서 동일 제목 없음"
"key_item","소각로 관리자의 수기","Furnace Keeper's Note","1","dlc","맵 전용 표식/보상 포함: E 데이터에서 동일 제목 없음"
"key_item","손가락 끊기 칼","Finger Severer","1","surface","맵 전용 표식/보상 포함: E 데이터에서 동일 제목 없음"
"key_item","손가락 자국 포도","Fingerprint Grape","1","surface","맵 전용 표식/보상 포함: E 데이터에서 동일 제목 없음"
"key_item","순교자의 우상: 엘데의 왕좌","Effigy of the Martyr: Elden Throne","1","extra","맵 전용 표식/보상 포함: E 데이터에서 동일 제목 없음"
"key_item","순교자의 우상: 엘데의 짐승","Effigy of the Martyr: Elden Beast","1","extra","맵 전용 표식/보상 포함: E 데이터에서 동일 제목 없음"
"key_item","순교자의 우상: 황금 나무 대성당","Effigy of the Martyr: Erdtree Sanctuary","1","extra","맵 전용 표식/보상 포함: E 데이터에서 동일 제목 없음"
"key_item","승려의 편지","Monk's Missive","1","dlc","맵 전용 표식/보상 포함: E 데이터에서 동일 제목 없음"
"key_item","승리의 환희","Triumphant Delight","1","surface","맵 전용 표식/보상 포함: E 데이터에서 동일 제목 없음"
"key_item","신성 숫돌 칼날","Sanctified Whetblade","1","surface","맵 전용 표식/보상 포함: E 데이터에서 동일 제목 없음"
"key_item","약 장사의 방울","Medicine Peddler's Bell Bearing","1","surface","맵 전용 표식/보상 포함: E 데이터에서 동일 제목 없음"
"key_item","약초 장사의 방울","Herbalist's Bell Bearing","1","dlc","맵 전용 표식/보상 포함: E 데이터에서 동일 제목 없음"
"key_item","어머니여","O Mother (Gesture)","1","dlc","맵 전용 표식/보상 포함: E 데이터에서 동일 제목 없음"
"key_item","에이곤의 방울","Igon's Bell Bearing","1","dlc","맵 전용 표식/보상 포함: E 데이터에서 동일 제목 없음"
"key_item","영웅의 노래 그림","Champion's Song Painting","1","surface","맵 전용 표식/보상 포함: E 데이터에서 동일 제목 없음"
"key_item","영혼 묘 은방울꽃 채취자의 방울 [1]","Ghost-Glovewort Picker's Bell Bearing (1)","1","underground","맵 전용 표식/보상 포함: E 데이터에서 동일 제목 없음"
"key_item","영혼 묘 은방울꽃 채취자의 방울 [2]","Ghost-Glovewort Picker's Bell Bearing (2)","1","underground","맵 전용 표식/보상 포함: E 데이터에서 동일 제목 없음"
"key_item","영혼 묘 은방울꽃 채취자의 방울 [3]","Ghost-Glovewort Picker's Bell Bearing (3)","1","surface","맵 전용 표식/보상 포함: E 데이터에서 동일 제목 없음"
"key_item","예언 그림","Prophecy Painting","1","surface","맵 전용 표식/보상 포함: E 데이터에서 동일 제목 없음"
"key_item","옛 유적의 십자 메시지","Ancient Ruins Cross Message","1","dlc","맵 전용 표식/보상 포함: E 데이터에서 동일 제목 없음"
"key_item","온상 저주 - East Leyndell, Royal Capital","Seedbed Curse - East Leyndell, Royal Capital","1","surface","맵 전용 표식/보상 포함: E 데이터에서 동일 제목 없음"
"key_item","온상 저주 - Volcano Manor","Seedbed Curse - Volcano Manor","1","surface","맵 전용 표식/보상 포함: E 데이터에서 동일 제목 없음"
"key_item","온상 저주 - West Leyndell, Royal Capital","Seedbed Curse - West Leyndell, Royal Capital","1","surface","맵 전용 표식/보상 포함: E 데이터에서 동일 제목 없음"
"key_item","용의 경계 그림","Domain of Dragons Painting","1","dlc","맵 전용 표식/보상 포함: E 데이터에서 동일 제목 없음"
"key_item","용의 경계 그림 보상","Domain of Dragons Painting Solution","1","dlc","맵 전용 표식/보상 포함: E 데이터에서 동일 제목 없음"
"key_item","유미르의 방울","Ymir's Bell Bearing","1","dlc","맵 전용 표식/보상 포함: E 데이터에서 동일 제목 없음"
"key_item","재탄 그림","Resurrection Painting","1","surface","맵 전용 표식/보상 포함: E 데이터에서 동일 제목 없음"
"key_item","중력석 장사의 방울","Gravity Stone Peddler's Bell Bearing","1","surface","맵 전용 표식/보상 포함: E 데이터에서 동일 제목 없음"
"key_item","찢어진 일지","Torn Diary Page","1","dlc","맵 전용 표식/보상 포함: E 데이터에서 동일 제목 없음"
"key_item","창고의 십자 메시지","Storehouse Cross Message","1","dlc","맵 전용 표식/보상 포함: E 데이터에서 동일 제목 없음"
"key_item","철 숫돌 칼날","Iron Whetblade","1","surface","맵 전용 표식/보상 포함: E 데이터에서 동일 제목 없음"
"key_item","침입 그림 보상","Incursion Painting Solution","1","dlc","맵 전용 표식/보상 포함: E 데이터에서 동일 제목 없음"
"key_item","케로네의 마술사탑 거북이 표식 1","Chelona's Rise Turtle Marker 1","1","surface","맵 전용 표식/보상 포함: E 데이터에서 동일 제목 없음"
"key_item","케로네의 마술사탑 거북이 표식 2","Chelona's Rise Turtle Marker 2","1","surface","맵 전용 표식/보상 포함: E 데이터에서 동일 제목 없음"
"key_item","케로네의 마술사탑 거북이 표식 3","Chelona's Rise Turtle Marker 3","1","surface","맵 전용 표식/보상 포함: E 데이터에서 동일 제목 없음"
"key_item","큰 항아리 도공의 제작서 [4]","Greater Potentate's Cookbook [4]","1","dlc","맵 전용 표식/보상 포함: E 데이터에서 동일 제목 없음"
"key_item","토푸스의 방울","Thops's Bell Bearing","1","surface","맵 전용 표식/보상 포함: E 데이터에서 동일 제목 없음"
"key_item","패치에게 보내는 편지","Letter to Patches","1","surface","맵 전용 표식/보상 포함: E 데이터에서 동일 제목 없음"
"key_item","폭풍 매의 옛 왕","The Stormhawk King","1","surface","맵 전용 표식/보상 포함: E 데이터에서 동일 제목 없음"
"key_item","프레이야에게 보내는 편지","Letter for Freyja","1","dlc","맵 전용 표식/보상 포함: E 데이터에서 동일 제목 없음"
"key_item","피디의 방울","Pidia's Bell Bearing","1","surface","맵 전용 표식/보상 포함: E 데이터에서 동일 제목 없음"
"key_item","화산관에서 온 편지","Letter from Volcano Manor","1","surface","맵 전용 표식/보상 포함: E 데이터에서 동일 제목 없음"
"key_item","황금 재봉 도구","Golden Tailoring Tools","1","surface","맵 전용 표식/보상 포함: E 데이터에서 동일 제목 없음"
"key_item","휘석 숫돌 칼날","Glintstone Whetblade","1","surface","맵 전용 표식/보상 포함: E 데이터에서 동일 제목 없음"
"map_fragment","만남의 장소 지도","Meeting Place Map","1","surface","지도 조각: E 데이터에서 동일 제목 없음"
"map_fragment","새로운 십자 지도","New Cross Map","1","dlc","지도 조각: E 데이터에서 동일 제목 없음"
"map_fragment","십자 지도","Cross Map","1","dlc","지도 조각: E 데이터에서 동일 제목 없음"
"map_fragment","지도 조각: 거인들의 산령 동부","Map (Mountaintops of The Giants, East)","1","surface","지도 조각: E 데이터에서 동일 제목 없음"
"map_fragment","지도 조각: 거인들의 산령 서부","Map Mountaintops of the Giants, West","1","surface","지도 조각: E 데이터에서 동일 제목 없음"
"map_fragment","지도 조각: 겔미어 화산","Map (Mt. Gelmir)","1","surface","지도 조각: E 데이터에서 동일 제목 없음"
"map_fragment","지도 조각: 구별된 설원","Map (Consecrated Snowfield)","1","surface","지도 조각: E 데이터에서 동일 제목 없음"
"map_fragment","지도 조각: 그림자 알터","Map: Scadu Altus","1","dlc","지도 조각: E 데이터에서 동일 제목 없음"
"map_fragment","지도 조각: 깊은 뿌리 밑바닥","Map (Deeproot Depths)","1","underground","지도 조각: E 데이터에서 동일 제목 없음"
"map_fragment","지도 조각: 나락","Map: Abyss","1","dlc","지도 조각: E 데이터에서 동일 제목 없음"
"map_fragment","지도 조각: 남쪽 해안","Map: Southern Shore","1","dlc","지도 조각: E 데이터에서 동일 제목 없음"
"map_fragment","지도 조각: 도읍 로데일","Map (Leyndell, Royal Capital)","1","surface","지도 조각: E 데이터에서 동일 제목 없음"
"map_fragment","지도 조각: 라우프의 옛 유적","Map: Rauh Ruins","1","dlc","지도 조각: E 데이터에서 동일 제목 없음"
"map_fragment","지도 조각: 리에니에 동부","Map (Liurnia, East)","1","surface","지도 조각: E 데이터에서 동일 제목 없음"
"map_fragment","지도 조각: 리에니에 북부","Map: Liurnia, North","1","surface","지도 조각: E 데이터에서 동일 제목 없음"
"map_fragment","지도 조각: 리에니에 서부","Map (Liurnia, West)","1","surface","지도 조각: E 데이터에서 동일 제목 없음"
"map_fragment","지도 조각: 림그레이브 동부","Map (Limgrave, East)","1","surface","지도 조각: E 데이터에서 동일 제목 없음"
"map_fragment","지도 조각: 림그레이브 서부","Map (Limgrave, West)","1","surface","지도 조각: E 데이터에서 동일 제목 없음"
"map_fragment","지도 조각: 모그윈 왕조","Map (Mohgwyn Palace)","1","underground","지도 조각: E 데이터에서 동일 제목 없음"
"map_fragment","지도 조각: 묘지 평원","Map: Gravesite Plain","1","dlc","지도 조각: E 데이터에서 동일 제목 없음"
"map_fragment","지도 조각: 부패한 호수","Map (Lake of Rot)","1","underground","지도 조각: E 데이터에서 동일 제목 없음"
"map_fragment","지도 조각: 시오프라 강","Map (Siofra River)","1","underground","지도 조각: E 데이터에서 동일 제목 없음"
"map_fragment","지도 조각: 알터 고원","Map (Altus Plateau)","1","surface","지도 조각: E 데이터에서 동일 제목 없음"
"map_fragment","지도 조각: 에인세르 강","Map (Ainsel River)","1","underground","지도 조각: E 데이터에서 동일 제목 없음"
"map_fragment","지도 조각: 용총","Map (Dragonbarrow)","1","surface","지도 조각: E 데이터에서 동일 제목 없음"
"map_fragment","지도 조각: 케일리드","Map (Caelid)","1","surface","지도 조각: E 데이터에서 동일 제목 없음"
"map_fragment","지도 조각: 흐느낌의 반도","Map (Weeping Peninsula)","1","surface","지도 조각: E 데이터에서 동일 제목 없음"
"map_fragment","폐허 지도","Ruins Map","1","dlc","지도 조각: E 데이터에서 동일 제목 없음"
"map_fragment","폐허 지도","Ruins Map (3rd)","1","dlc","지도 조각: E 데이터에서 동일 제목 없음"
"map_fragment","폐허 지도","Ruins Map (2nd)","1","dlc","지도 조각: E 데이터에서 동일 제목 없음"
"material","개미돌","Formic Rock A","1","surface","소재 명칭 차이 또는 데이터 누락"
"material","거인 불의 반딧불 x3","Giantslab Firefly x3","1","dlc","소재 명칭 차이 또는 데이터 누락"
"material","금빛 반딧불 x2","Gold Firefly x2","1","surface","소재 명칭 차이 또는 데이터 누락"
"material","날개 깃 x2","Flight Pinion x2","1","dlc","소재 명칭 차이 또는 데이터 누락"
"material","날개 깃 x4 - 벨라트 탑의 도시","Flight Pinion x4 - Belurat Tower Settlement","1","dlc","소재 명칭 차이 또는 데이터 누락"
"material","낡은 이빨","Old Fang C","1","surface","소재 명칭 차이 또는 데이터 누락"
"material","낡은 이빨","Old Fang E","1","surface","소재 명칭 차이 또는 데이터 누락"
"material","낡은 이빨","Old Fang D","1","surface","소재 명칭 차이 또는 데이터 누락"
"material","라우프 벌레","Rauh Burrow","2","dlc","소재 명칭 차이 또는 데이터 누락"
"material","라우프 벌레 x4","Rauh Burrow x4","1","dlc","소재 명칭 차이 또는 데이터 누락"
"material","라우프 벌레 x5","Rauh Burrow x5","1","dlc","소재 명칭 차이 또는 데이터 누락"
"material","문어 알","Land Octopus Ovary B","1","surface","소재 명칭 차이 또는 데이터 누락"
"material","불타는 나비","Smoldering Butterfly (B)","1","surface","소재 명칭 차이 또는 데이터 누락"
"material","불타는 나비","Smoldering Butterfly (C)","1","surface","소재 명칭 차이 또는 데이터 누락"
"material","불타는 나비 x2","2x Smoldering Butterfly","1","surface","소재 명칭 차이 또는 데이터 누락"
"material","싹 난 뿔 x4 - 에니르 일림","Budding Horn x4 - Enir-Ilim","1","dlc","소재 명칭 차이 또는 데이터 누락"
"shield","짐승 문양 히터 실드","Beast Crest Heater Shield","1","surface","방패 번역 차이 또는 데이터 누락"
"spell","그림자의 유인","Shadow Bait","1","surface","주문 번역/띄어쓰기 차이 또는 데이터 누락"
"spell","냉기 무기","Frozen Armament","1","surface","주문 번역/띄어쓰기 차이 또는 데이터 누락"
"spell","도가니의 모습/목","Aspect of the Crucible: Breath","1","surface","주문 번역/띄어쓰기 차이 또는 데이터 누락"
"spell","독 무기","Poison Armament","1","surface","주문 번역/띄어쓰기 차이 또는 데이터 누락"
"spell","불이여 힘을!","Flame, Grant me Strength","1","surface","주문 번역/띄어쓰기 차이 또는 데이터 누락"
"spell","불이여, 회오리쳐라!","Whirl, O Flame!","1","surface","주문 번역/띄어쓰기 차이 또는 데이터 누락"
"spell","빙뢰창","Frozen Lightning Spear","1","underground","주문 번역/띄어쓰기 차이 또는 데이터 누락"
"spell","영원한 어둠","Eternal Darkness","1","surface","주문 번역/띄어쓰기 차이 또는 데이터 누락"
"spell","용암 작렬","Roiling Magma","1","surface","주문 번역/띄어쓰기 차이 또는 데이터 누락"
"spell","정신 맑음","Lucidity","1","surface","주문 번역/띄어쓰기 차이 또는 데이터 누락"
"spell","하이마의 포탄","Cannon of Haima","1","surface","주문 번역/띄어쓰기 차이 또는 데이터 누락"
"spell","황금의 마력방호","Barrier of Gold","1","surface","주문 번역/띄어쓰기 차이 또는 데이터 누락"
"spirit_ash","검은 칼날 티시","Black Knife Tiche","1","surface","뼛가루/꼭두각시 표기 차이 또는 데이터 누락"
"spirit_ash","고룡 기사 크리스토프","Ancient Dragon Knight Kristoff Ashes","1","surface","뼛가루/꼭두각시 표기 차이 또는 데이터 누락"
"spirit_ash","귀부기사 핀레이","Cleanrot Knight Finlay Ashes","1","surface","뼛가루/꼭두각시 표기 차이 또는 데이터 누락"
"spirit_ash","땅 잃은 기사 오레그","Banished Knight Oleg Ashes","1","surface","뼛가루/꼭두각시 표기 차이 또는 데이터 누락"
"spirit_ash","땅 잃은 기사 잉바르","Banished Knight Engvall Ashes","1","surface","뼛가루/꼭두각시 표기 차이 또는 데이터 누락"
"spirit_ash","목 없는 기사 루텔","Lhutel the Headless","1","surface","뼛가루/꼭두각시 표기 차이 또는 데이터 누락"
"spirit_ash","밤 무녀와 검사 꼭두각시","Nightmaiden & Swordstress Puppets","1","surface","뼛가루/꼭두각시 표기 차이 또는 데이터 누락"
"spirit_ash","백금의 라티나","Latenna the Albinauric","1","surface","뼛가루/꼭두각시 표기 차이 또는 데이터 누락"
"spirit_ash","사냥개기사 플로","Bloodhound Knight Floh","1","surface","뼛가루/꼭두각시 표기 차이 또는 데이터 누락"
"spirit_ash","적사자기사 오우가","Redmane Knight Ogha Ashes","1","surface","뼛가루/꼭두각시 표기 차이 또는 데이터 누락"
"spirit_ash","전쟁마술사 유그","Battlemage Hugues","1","surface","뼛가루/꼭두각시 표기 차이 또는 데이터 누락"
"spirit_ash","조향사 트리샤","Perfumer Tricia","1","surface","뼛가루/꼭두각시 표기 차이 또는 데이터 누락"
"spirit_ash","타락조향사 카르만","Depraved Perfumer Carmaan Ashes","1","surface","뼛가루/꼭두각시 표기 차이 또는 데이터 누락"
"spirit_ash","폭풍 매 디네","Stormhawk Deenh","1","surface","뼛가루/꼭두각시 표기 차이 또는 데이터 누락"
"spirit_ash","헤매는 귀인의 뼛가루","Wandering Noble Ashes","1","surface","뼛가루/꼭두각시 표기 차이 또는 데이터 누락"
"spirit_ash","흉조잡이 로로","Omenkiller Rollo","1","surface","뼛가루/꼭두각시 표기 차이 또는 데이터 누락"
"spirit_ash","흑염 승병 아몬","Blackflame Monk Amon Ashes","1","surface","뼛가루/꼭두각시 표기 차이 또는 데이터 누락"
"talisman","마력 용 표식의 탈리스만+2","Spelldrake Talisman +2","1","surface","탈리스만 번역/표기 차이 또는 데이터 누락"
"talisman","사악한 왕자의 업창","Prince of Death Cyst","1","underground","탈리스만 번역/표기 차이 또는 데이터 누락"
"talisman","클렙스의 작은 병","Crepus's Vial","1","surface","탈리스만 번역/표기 차이 또는 데이터 누락"
"talisman","포효의 메달리온","Roar Medallion","1","surface","탈리스만 번역/표기 차이 또는 데이터 누락"
"weapon","긴 자루 나대","Longhaft Axe","1","surface","무기 번역/강화 표기 차이 또는 데이터 누락"
"weapon","땅 잃은 기사의 도끼창 +8","Banished Knight's Halberd +8","1","surface","무기 번역/강화 표기 차이 또는 데이터 누락"
"weapon","백금 지팡이","Albinauric Staff","1","surface","무기 번역/강화 표기 차이 또는 데이터 누락"
"weapon","실루리아의 나무창","Siluria's Tree","1","underground","무기 번역/강화 표기 차이 또는 데이터 누락"
"weapon","연성 석궁","Repeating Crossbow","1","dlc","무기 번역/강화 표기 차이 또는 데이터 누락"
"weapon","카리아의 휘석검","Carian Knight's Sword","1","surface","무기 번역/강화 표기 차이 또는 데이터 누락"
"weapon","헬펜의 첨탑","Helphen's Steeple","1","surface","무기 번역/강화 표기 차이 또는 데이터 누락"
